cell_id,ambient_temp_c,cycle_index,elapsed_days,discharge_current_a,capacity_ahr,initial_capacity_ahr,soh_pct
B0005,24,1,0.0,1.9982,1.856487,1.835349,101.1517
B0005,24,2,0.1792,1.9982,1.846327,1.835349,100.5981
B0005,24,3,0.3579,1.9982,1.835349,1.835349,100.0
B0005,24,4,0.5354,1.9982,1.835263,1.835349,99.9953
B0005,24,5,0.7137,1.9982,1.834646,1.835349,99.9617
B0005,24,6,0.8955,1.9984,1.835662,1.835349,100.017
B0005,24,7,1.0775,1.9982,1.835146,1.835349,99.9889
B0005,24,8,1.2518,1.9982,1.825757,1.835349,99.4774
B0005,24,9,1.4254,1.9982,1.824774,1.835349,99.4238
B0005,24,10,1.5989,1.9982,1.824613,1.835349,99.415
B0005,24,11,1.772,1.9982,1.82462,1.835349,99.4154
B0005,24,12,2.1047,1.9982,1.814202,1.835349,98.8478
B0005,24,13,2.2752,1.9982,1.813752,1.835349,98.8233
B0005,24,14,2.4547,1.9982,1.81344,1.835349,98.8063
B0005,24,15,2.6245,1.9982,1.802598,1.835349,98.2155
B0005,24,16,2.795,1.9982,1.802107,1.835349,98.1888
B0005,24,17,2.9646,1.9982,1.80258,1.835349,98.2145
B0005,24,18,3.1345,1.9982,1.803068,1.835349,98.2412
B0005,24,19,3.3062,1.9982,1.802778,1.835349,98.2253
B0005,24,20,16.2393,1.9982,1.847026,1.835349,100.6362
B0005,24,21,16.4607,1.9982,1.847417,1.835349,100.6575
B0005,24,22,16.6816,1.9982,1.836177,1.835349,100.0451
B0005,24,23,16.9,1.9982,1.825781,1.835349,99.4787
B0005,24,24,17.1262,1.9982,1.825114,1.835349,99.4423
B0005,24,25,17.3446,1.9982,1.825582,1.835349,99.4678
B0005,24,26,17.5618,1.9982,1.814031,1.835349,98.8385
B0005,24,27,17.7853,1.9982,1.814769,1.835349,98.8787
B0005,24,28,18.0079,1.9982,1.813969,1.835349,98.8351
B0005,24,29,18.2257,1.9982,1.802766,1.835349,98.2247
B0005,24,30,18.4509,1.9982,1.804077,1.835349,98.2961
B0005,24,31,20.0056,1.9982,1.851803,1.835349,100.8965
B0005,24,32,20.2088,1.9982,1.830704,1.835349,99.7469
B0005,24,33,20.4115,1.9982,1.819904,1.835349,99.1585
B0005,24,34,20.6199,1.9982,1.809308,1.835349,98.5811
B0005,24,35,20.8211,1.9982,1.80461,1.835349,98.3252
B0005,24,36,21.0283,1.9982,1.799377,1.835349,98.04
B0005,24,37,21.2342,1.9982,1.788443,1.835349,97.4443
B0005,24,38,21.4346,1.9982,1.782923,1.835349,97.1435
B0005,24,39,21.6419,1.9982,1.773034,1.835349,96.6047
B0005,24,40,21.8498,1.9982,1.773038,1.835349,96.6049
B0005,24,41,22.0557,1.9982,1.767872,1.835349,96.3235
B0005,24,42,22.2587,1.9982,1.762315,1.835349,96.0207
B0005,24,43,22.8598,1.9982,1.767617,1.835349,96.3096
B0005,24,44,23.1932,1.9982,1.762668,1.835349,96.0399
B0005,24,45,23.402,1.9982,1.75173,1.835349,95.444
B0005,24,46,23.6055,1.9982,1.74185,1.835349,94.9056
B0005,24,47,23.8144,1.9982,1.736091,1.835349,94.5919
B0005,24,48,26.8682,1.9982,1.793624,1.835349,97.7266
B0005,24,49,27.0693,1.9982,1.783189,1.835349,97.158
B0005,24,50,27.2739,1.9982,1.767364,1.835349,96.2958
B0005,24,51,27.471,1.9982,1.757018,1.835349,95.7321
B0005,24,52,27.6778,1.998,1.746871,1.835349,95.1792
B0005,24,53,27.8772,1.9982,1.741717,1.835349,94.8984
B0005,24,54,28.0796,1.9982,1.736423,1.835349,94.6099
B0005,24,55,28.2842,1.9982,1.726322,1.835349,94.0596
B0005,24,56,28.493,1.9982,1.715807,1.835349,93.4867
B0005,24,57,28.7016,1.9982,1.710533,1.835349,93.1993
B0005,24,58,28.9088,1.9982,1.706014,1.835349,92.9531
B0005,24,59,29.1149,1.9982,1.700311,1.835349,92.6424
B0005,24,60,29.3226,1.9982,1.69458,1.835349,92.3301
B0005,24,61,29.5194,1.9982,1.684903,1.835349,91.8029
B0005,24,62,29.7215,1.9982,1.674474,1.835349,91.2346
B0005,24,63,29.9287,1.9982,1.674569,1.835349,91.2398
B0005,24,64,30.1542,1.9982,1.663716,1.835349,90.6485
B0005,24,65,30.3324,1.9982,1.659014,1.835349,90.3923
B0005,24,66,30.533,1.9982,1.653854,1.835349,90.1111
B0005,24,67,30.7393,1.9982,1.642654,1.835349,89.5009
B0005,24,68,30.9437,1.9982,1.637858,1.835349,89.2396
B0005,24,69,31.1476,1.9982,1.632735,1.835349,88.9605
B0005,24,70,31.345,1.9982,1.627753,1.835349,88.689
B0005,24,71,31.5528,1.9982,1.622125,1.835349,88.3824
B0005,24,72,31.7601,1.9982,1.611326,1.835349,87.794
B0005,24,73,31.967,1.9982,1.606563,1.835349,87.5345
B0005,24,74,32.1746,1.9982,1.601514,1.835349,87.2594
B0005,24,75,32.3821,1.9982,1.590369,1.835349,86.6521
B0005,24,76,32.5851,1.9982,1.585789,1.835349,86.4026
B0005,24,77,32.8443,1.9982,1.584943,1.835349,86.3565
B0005,24,78,33.2184,1.9982,1.595526,1.835349,86.9331
B0005,24,79,33.4258,1.998,1.57473,1.835349,85.8
B0005,24,80,33.6329,1.998,1.564902,1.835349,85.2645
B0005,24,81,33.8331,1.9982,1.559766,1.835349,84.9847
B0005,24,82,34.0402,1.9982,1.559482,1.835349,84.9692
B0005,24,83,34.2473,1.9982,1.554689,1.835349,84.7081
B0005,24,84,34.4526,1.9982,1.548874,1.835349,84.3912
B0005,24,85,34.6516,1.998,1.538237,1.835349,83.8117
B0005,24,86,34.8584,1.998,1.527914,1.835349,83.2492
B0005,24,87,35.0651,1.9982,1.528525,1.835349,83.2825
B0005,24,88,35.2712,1.9982,1.522647,1.835349,82.9623
B0005,24,89,35.4779,1.9982,1.517486,1.835349,82.6811
B0005,24,90,36.8746,1.9982,1.605819,1.835349,87.4939
B0005,24,91,37.21,1.9982,1.563849,1.835349,85.2072
B0005,24,92,37.4141,1.9982,1.548092,1.835349,84.3486
B0005,24,93,37.6198,1.9982,1.532376,1.835349,83.4923
B0005,24,94,37.8267,1.9982,1.526953,1.835349,83.1969
B0005,24,95,38.0321,1.9982,1.516957,1.835349,82.6522
B0005,24,96,38.2377,1.9982,1.511898,1.835349,82.3766
B0005,24,97,38.4442,1.9982,1.506564,1.835349,82.086
B0005,24,98,38.6457,1.9982,1.501545,1.835349,81.8125
B0005,24,99,38.8522,1.9982,1.490844,1.835349,81.2295
B0005,24,100,39.0585,1.9982,1.485868,1.835349,80.9583
B0005,24,101,39.2649,1.9982,1.480414,1.835349,80.6611
B0005,24,102,39.4662,1.9982,1.47521,1.835349,80.3776
B0005,24,103,39.8964,1.9982,1.485904,1.835349,80.9603
B0005,24,104,40.1488,1.9982,1.496092,1.835349,81.5154
B0005,24,105,40.3525,1.9982,1.480801,1.835349,80.6822
B0005,24,106,40.5484,1.9982,1.469754,1.835349,80.0804
B0005,24,107,40.7489,1.9982,1.453901,1.835349,79.2166
B0005,24,108,40.9547,1.9982,1.454146,1.835349,79.2299
B0005,24,109,41.1518,1.9982,1.455024,1.835349,79.2778
B0005,24,110,41.3568,1.9982,1.449042,1.835349,78.9519
B0005,24,111,41.5627,1.9982,1.438671,1.835349,78.3868
B0005,24,112,41.7685,1.9982,1.433445,1.835349,78.1021
B0005,24,113,41.9651,1.9982,1.433396,1.835349,78.0994
B0005,24,114,42.1708,1.9982,1.428065,1.835349,77.8089
B0005,24,115,42.3766,1.9982,1.42292,1.835349,77.5286
B0005,24,116,42.5822,1.9982,1.417429,1.835349,77.2294
B0005,24,117,42.7878,1.9982,1.412409,1.835349,76.9559
B0005,24,118,42.9898,1.9982,1.412579,1.835349,76.9651
B0005,24,119,43.1883,1.9982,1.407598,1.835349,76.6938
B0005,24,120,44.062,1.9982,1.433392,1.835349,78.0991
B0005,24,121,44.2583,1.9982,1.438255,1.835349,78.3641
B0005,24,122,44.4629,1.9982,1.417355,1.835349,77.2253
B0005,24,123,44.6664,1.9982,1.406982,1.835349,76.6602
B0005,24,124,44.8719,1.9982,1.401204,1.835349,76.3454
B0005,24,125,45.0763,1.9982,1.396701,1.835349,76.1
B0005,24,126,45.2814,1.9982,1.391285,1.835349,75.8049
B0005,24,127,45.4859,1.9982,1.386229,1.835349,75.5294
B0005,24,128,45.6911,1.9982,1.380437,1.835349,75.2138
B0005,24,129,45.8883,1.9982,1.375236,1.835349,74.9305
B0005,24,130,46.0908,1.9982,1.370513,1.835349,74.6731
B0005,24,131,46.2959,1.9982,1.370509,1.835349,74.6729
B0005,24,132,46.501,1.9982,1.364736,1.835349,74.3584
B0005,24,133,47.0062,1.9982,1.375392,1.835349,74.939
B0005,24,134,47.232,1.9982,1.386112,1.835349,75.523
B0005,24,135,47.4104,1.9982,1.36985,1.835349,74.637
B0005,24,136,47.6156,1.9982,1.364783,1.835349,74.3609
B0005,24,137,47.8206,1.9982,1.354322,1.835349,73.791
B0005,24,138,48.0221,1.9982,1.354642,1.835349,73.8084
B0005,24,139,48.2257,1.9982,1.354704,1.835349,73.8118
B0005,24,140,48.4264,1.998,1.349315,1.835349,73.5182
B0005,24,141,48.6241,1.998,1.344189,1.835349,73.2389
B0005,24,142,48.8281,1.9982,1.338991,1.835349,72.9557
B0005,24,143,49.031,1.9982,1.338915,1.835349,72.9515
B0005,24,144,49.2337,1.9982,1.334007,1.835349,72.6841
B0005,24,145,49.4287,1.998,1.328644,1.835349,72.3919
B0005,24,146,49.6298,1.998,1.323171,1.835349,72.0937
B0005,24,147,49.8317,1.9982,1.318169,1.835349,71.8212
B0005,24,148,50.0363,1.9982,1.318466,1.835349,71.8374
B0005,24,149,50.232,1.9982,1.318293,1.835349,71.8279
B0005,24,150,50.8664,1.9982,1.323872,1.835349,72.1319
B0005,24,151,51.2006,1.9982,1.360122,1.835349,74.107
B0005,24,152,51.4053,1.998,1.339531,1.835349,72.9851
B0005,24,153,51.6074,1.998,1.329029,1.835349,72.4128
B0005,24,154,51.8036,1.998,1.323674,1.835349,72.1211
B0005,24,155,52.0038,1.998,1.318634,1.835349,71.8465
B0005,24,156,52.2052,1.998,1.313475,1.835349,71.5654
B0005,24,157,52.4036,1.998,1.313202,1.835349,71.5505
B0005,24,158,52.6053,1.998,1.307796,1.835349,71.256
B0005,24,159,52.8097,1.9982,1.303033,1.835349,70.9965
B0005,24,160,53.008,1.9982,1.303357,1.835349,71.0141
B0005,24,161,53.2065,1.998,1.30341,1.835349,71.017
B0005,24,162,53.4079,1.998,1.297887,1.835349,70.7161
B0005,24,163,53.608,1.998,1.298074,1.835349,70.7262
B0005,24,164,53.8048,1.998,1.293464,1.835349,70.4751
B0005,24,165,54.0035,1.998,1.288003,1.835349,70.1776
B0005,24,166,54.2051,1.9982,1.287453,1.835349,70.1476
B0005,24,167,55.0187,1.9982,1.309015,1.835349,71.3224
B0005,24,168,55.2222,1.9982,1.325079,1.835349,72.1977
B0006,24,1,0.0,1.9992,2.035338,2.013326,101.0933
B0006,24,2,0.1792,1.999,2.02514,2.013326,100.5868
B0006,24,3,0.3579,1.999,2.013326,2.013326,100.0
B0006,24,4,0.5354,1.999,2.013285,2.013326,99.9979
B0006,24,5,0.7137,1.999,2.000528,2.013326,99.3643
B0006,24,6,0.8955,1.9992,2.013899,2.013326,100.0284
B0006,24,7,1.0775,1.9992,2.013101,2.013326,99.9888
B0006,24,8,1.2518,1.999,1.96879,2.013326,97.7879
B0006,24,9,1.4254,1.999,1.968166,2.013326,97.7569
B0006,24,10,1.5989,1.999,1.957231,2.013326,97.2138
B0006,24,11,1.772,1.999,1.945599,2.013326,96.6361
B0006,24,12,2.1047,1.999,1.934751,2.013326,96.0972
B0006,24,13,2.2752,1.999,1.92328,2.013326,95.5275
B0006,24,14,2.4547,1.999,1.91189,2.013326,94.9617
B0006,24,15,2.6245,1.999,1.901067,2.013326,94.4242
B0006,24,16,2.795,1.999,1.889199,2.013326,93.8347
B0006,24,17,2.9646,1.999,1.878278,2.013326,93.2923
B0006,24,18,3.1345,1.999,1.86757,2.013326,92.7604
B0006,24,19,3.3062,1.999,1.867589,2.013326,92.7614
B0006,24,20,16.2393,1.999,1.979627,2.013326,98.3262
B0006,24,21,16.4607,1.999,1.95755,2.013326,97.2296
B0006,24,22,16.6816,1.999,1.945815,2.013326,96.6468
B0006,24,23,16.9,1.999,1.924246,2.013326,95.5755
B0006,24,24,17.1262,1.999,1.945981,2.013326,96.655
B0006,24,25,17.3446,1.999,1.901408,2.013326,94.4411
B0006,24,26,17.5618,1.999,1.878674,2.013326,93.312
B0006,24,27,17.7853,1.999,1.868306,2.013326,92.797
B0006,24,28,18.0079,1.999,1.856024,2.013326,92.187
B0006,24,29,18.2257,1.999,1.8452,2.013326,91.6493
B0006,24,30,18.4509,1.999,1.857229,2.013326,92.2468
B0006,24,31,20.0056,1.999,1.924776,2.013326,95.6018
B0006,24,32,20.2088,1.999,1.882232,2.013326,93.4887
B0006,24,33,20.4115,1.999,1.855277,2.013326,92.1498
B0006,24,34,20.6199,1.999,1.839251,2.013326,91.3538
B0006,24,35,20.8211,1.999,1.81854,2.013326,90.3251
B0006,24,36,21.0283,1.999,1.813477,2.013326,90.0737
B0006,24,37,21.2342,1.999,1.797102,2.013326,89.2603
B0006,24,38,21.4346,1.999,1.781005,2.013326,88.4608
B0006,24,39,21.6419,1.999,1.771013,2.013326,87.9645
B0006,24,40,21.8498,1.999,1.760471,2.013326,87.4409
B0006,24,41,22.0557,1.999,1.750291,2.013326,86.9353
B0006,24,42,22.2587,1.999,1.739493,2.013326,86.3989
B0006,24,43,22.8598,1.999,1.754677,2.013326,87.1531
B0006,24,44,23.1932,1.999,1.765939,2.013326,87.7125
B0006,24,45,23.402,1.999,1.733789,2.013326,86.1156
B0006,24,46,23.6055,1.999,1.713326,2.013326,85.0993
B0006,24,47,23.8144,1.999,1.702408,2.013326,84.557
B0006,24,48,26.8682,1.9992,1.823719,2.013326,90.5824
B0006,24,49,27.0693,1.9992,1.808128,2.013326,89.808
B0006,24,50,27.2739,1.999,1.775761,2.013326,88.2004
B0006,24,51,27.471,1.999,1.744741,2.013326,86.6596
B0006,24,52,27.6778,1.999,1.729207,2.013326,85.8881
B0006,24,53,27.8772,1.999,1.708109,2.013326,84.8401
B0006,24,54,28.0796,1.999,1.697595,2.013326,84.3179
B0006,24,55,28.2842,1.999,1.682063,2.013326,83.5465
B0006,24,56,28.493,1.999,1.671477,2.013326,83.0207
B0006,24,57,28.7016,1.999,1.660759,2.013326,82.4883
B0006,24,58,28.9088,1.999,1.651121,2.013326,82.0096
B0006,24,59,29.1149,1.999,1.640135,2.013326,81.4639
B0006,24,60,29.3226,1.999,1.6292,2.013326,80.9208
B0006,24,61,29.5194,1.999,1.60885,2.013326,79.91
B0006,24,62,29.7215,1.999,1.603524,2.013326,79.6455
B0006,24,63,29.9287,1.999,1.598971,2.013326,79.4194
B0006,24,64,30.1542,1.999,1.587627,2.013326,78.8559
B0006,24,65,30.3324,1.999,1.582972,2.013326,78.6247
B0006,24,66,30.533,1.999,1.567138,2.013326,77.8382
B0006,24,67,30.7393,1.999,1.561345,2.013326,77.5505
B0006,24,68,30.9437,1.999,1.551171,2.013326,77.0452
B0006,24,69,31.1476,1.999,1.540674,2.013326,76.5238
B0006,24,70,31.345,1.999,1.525314,2.013326,75.7609
B0006,24,71,31.5528,1.999,1.530157,2.013326,76.0014
B0006,24,72,31.7601,1.999,1.524657,2.013326,75.7282
B0006,24,73,31.967,1.999,1.514549,2.013326,75.2262
B0006,24,74,32.1746,1.999,1.509392,2.013326,74.97
B0006,24,75,32.3821,1.999,1.503997,2.013326,74.7021
B0006,24,76,32.5851,1.999,1.49352,2.013326,74.1817
B0006,24,77,32.8443,1.999,1.487632,2.013326,73.8893
B0006,24,78,33.2184,1.999,1.530288,2.013326,76.0079
B0006,24,79,33.4258,1.9988,1.504076,2.013326,74.706
B0006,24,80,33.6329,1.9988,1.488759,2.013326,73.9453
B0006,24,81,33.8331,1.999,1.478278,2.013326,73.4247
B0006,24,82,34.0402,1.999,1.47846,2.013326,73.4337
B0006,24,83,34.2473,1.999,1.473215,2.013326,73.1732
B0006,24,84,34.4526,1.999,1.467516,2.013326,72.8901
B0006,24,85,34.6516,1.9988,1.451629,2.013326,72.101
B0006,24,86,34.8584,1.9988,1.451924,2.013326,72.1157
B0006,24,87,35.0651,1.999,1.447148,2.013326,71.8785
B0006,24,88,35.2712,1.999,1.446854,2.013326,71.8638
B0006,24,89,35.4779,1.999,1.441674,2.013326,71.6066
B0006,24,90,36.8746,1.999,1.593587,2.013326,79.1519
B0006,24,91,37.21,1.999,1.54639,2.013326,76.8077
B0006,24,92,37.4141,1.999,1.514706,2.013326,75.234
B0006,24,93,37.6198,1.999,1.498979,2.013326,74.4528
B0006,24,94,37.8267,1.999,1.483111,2.013326,73.6647
B0006,24,95,38.0321,1.999,1.472966,2.013326,73.1608
B0006,24,96,38.2377,1.999,1.46276,2.013326,72.6539
B0006,24,97,38.4442,1.999,1.451836,2.013326,72.1113
B0006,24,98,38.6457,1.999,1.446867,2.013326,71.8645
B0006,24,99,38.8522,1.999,1.44138,2.013326,71.592
B0006,24,100,39.0585,1.999,1.431211,2.013326,71.0869
B0006,24,101,39.2649,1.999,1.426025,2.013326,70.8293
B0006,24,102,39.4662,1.999,1.420488,2.013326,70.5543
B0006,24,103,39.8964,1.999,1.420701,2.013326,70.5648
B0006,24,104,40.1488,1.999,1.452256,2.013326,72.1322
B0006,24,105,40.3525,1.999,1.431558,2.013326,71.1041
B0006,24,106,40.5484,1.999,1.415016,2.013326,70.2825
B0006,24,107,40.7489,1.999,1.409731,2.013326,70.02
B0006,24,108,40.9547,1.999,1.404917,2.013326,69.7809
B0006,24,109,41.1518,1.9992,1.395164,2.013326,69.2965
B0006,24,110,41.3568,1.999,1.394534,2.013326,69.2652
B0006,24,111,41.5627,1.999,1.389317,2.013326,69.0061
B0006,24,112,41.7685,1.999,1.383838,2.013326,68.7339
B0006,24,113,41.9651,1.9992,1.373681,2.013326,68.2294
B0006,24,114,42.1708,1.999,1.378606,2.013326,68.474
B0006,24,115,42.3766,1.999,1.37376,2.013326,68.2334
B0006,24,116,42.5822,1.999,1.368258,2.013326,67.9601
B0006,24,117,42.7878,1.999,1.363302,2.013326,67.7139
B0006,24,118,42.9898,1.9992,1.358097,2.013326,67.4554
B0006,24,119,43.1883,1.9992,1.353269,2.013326,67.2156
B0006,24,120,44.062,1.9992,1.384161,2.013326,68.7499
B0006,24,121,44.2583,1.999,1.405147,2.013326,69.7923
B0006,24,122,44.4629,1.999,1.378719,2.013326,68.4797
B0006,24,123,44.6664,1.999,1.368266,2.013326,67.9605
B0006,24,124,44.8719,1.999,1.357315,2.013326,67.4165
B0006,24,125,45.0763,1.999,1.352493,2.013326,67.1771
B0006,24,126,45.2814,1.999,1.34741,2.013326,66.9246
B0006,24,127,45.4859,1.999,1.337008,2.013326,66.4079
B0006,24,128,45.6911,1.999,1.331235,2.013326,66.1212
B0006,24,129,45.8883,1.999,1.32593,2.013326,65.8577
B0006,24,130,46.0908,1.999,1.321579,2.013326,65.6416
B0006,24,131,46.2959,1.999,1.321225,2.013326,65.624
B0006,24,132,46.501,1.999,1.315649,2.013326,65.347
B0006,24,133,47.0062,1.9992,1.320903,2.013326,65.608
B0006,24,134,47.232,1.999,1.347433,2.013326,66.9257
B0006,24,135,47.4104,1.999,1.326013,2.013326,65.8618
B0006,24,136,47.6156,1.999,1.310119,2.013326,65.0723
B0006,24,137,47.8206,1.999,1.305216,2.013326,64.8288
B0006,24,138,48.0221,1.999,1.300406,2.013326,64.5899
B0006,24,139,48.2257,1.999,1.300236,2.013326,64.5815
B0006,24,140,48.4264,1.999,1.289507,2.013326,64.0486
B0006,24,141,48.6241,1.9988,1.279253,2.013326,63.5393
B0006,24,142,48.8281,1.999,1.279208,2.013326,63.537
B0006,24,143,49.031,1.999,1.274037,2.013326,63.2802
B0006,24,144,49.2337,1.999,1.274127,2.013326,63.2847
B0006,24,145,49.4287,1.9988,1.263764,2.013326,62.7699
B0006,24,146,49.6298,1.9988,1.258137,2.013326,62.4905
B0006,24,147,49.8317,1.999,1.25326,2.013326,62.2482
B0006,24,148,50.0363,1.999,1.253231,2.013326,62.2468
B0006,24,149,50.232,1.999,1.248087,2.013326,61.9913
B0006,24,150,50.8664,1.999,1.253435,2.013326,62.2569
B0006,24,151,51.2006,1.999,1.289805,2.013326,64.0634
B0006,24,152,51.4053,1.999,1.26354,2.013326,62.7588
B0006,24,153,51.6074,1.9988,1.247976,2.013326,61.9858
B0006,24,154,51.8036,1.9988,1.23212,2.013326,61.1982
B0006,24,155,52.0038,1.9988,1.227114,2.013326,60.9496
B0006,24,156,52.2052,1.9988,1.22174,2.013326,60.6826
B0006,24,157,52.4036,1.9988,1.211103,2.013326,60.1543
B0006,24,158,52.6053,1.9988,1.205616,2.013326,59.8818
B0006,24,159,52.8097,1.999,1.200894,2.013326,59.6472
B0006,24,160,53.008,1.999,1.19059,2.013326,59.1355
B0006,24,161,53.2065,1.9988,1.185179,2.013326,58.8667
B0006,24,162,53.4079,1.9988,1.179671,2.013326,58.5931
B0006,24,163,53.608,1.9988,1.174595,2.013326,58.341
B0006,24,164,53.8048,1.9988,1.153818,2.013326,57.3091
B0006,24,165,54.0035,1.999,1.164401,2.013326,57.8347
B0006,24,166,54.2051,1.999,1.158797,2.013326,57.5564
B0006,24,167,55.0187,1.999,1.174975,2.013326,58.3599
B0006,24,168,55.2222,1.9992,1.185675,2.013326,58.8914
B0007,24,1,0.0,2.0,1.891052,1.880663,100.5524
B0007,24,2,0.1792,2.0,1.880637,1.880663,99.9986
B0007,24,3,0.3579,2.0,1.880663,1.880663,100.0
B0007,24,4,0.5354,2.0,1.880771,1.880663,100.0058
B0007,24,5,0.7137,2.0,1.879451,1.880663,99.9356
B0007,24,6,0.8955,2.0,1.8807,1.880663,100.002
B0007,24,7,1.0775,2.0,1.879935,1.880663,99.9613
B0007,24,8,1.2518,2.0,1.881509,1.880663,100.045
B0007,24,9,1.4254,2.0,1.869691,1.880663,99.4166
B0007,24,10,1.5989,2.0,1.870052,1.880663,99.4358
B0007,24,11,1.772,2.0,1.870044,1.880663,99.4354
B0007,24,12,2.1047,2.0,1.859652,1.880663,98.8828
B0007,24,13,2.2752,2.0,1.859075,1.880663,98.8521
B0007,24,14,2.4547,2.0,1.859008,1.880663,98.8486
B0007,24,15,2.6245,2.0,1.859362,1.880663,98.8674
B0007,24,16,2.795,2.0,1.858736,1.880663,98.8341
B0007,24,17,2.9646,2.0,1.847817,1.880663,98.2535
B0007,24,18,3.1345,2.0,1.848525,1.880663,98.2912
B0007,24,19,3.3062,2.0,1.848379,1.880663,98.2834
B0007,24,20,16.2393,2.0,1.880781,1.880663,100.0063
B0007,24,21,16.4607,2.0,1.881472,1.880663,100.043
B0007,24,22,16.6816,2.0,1.881095,1.880663,100.023
B0007,24,23,16.9,2.0,1.871009,1.880663,99.4867
B0007,24,24,17.1262,2.0,1.8702,1.880663,99.4436
B0007,24,25,17.3446,2.0,1.870672,1.880663,99.4687
B0007,24,26,17.5618,2.0,1.859612,1.880663,98.8807
B0007,24,27,17.7853,2.0,1.860034,1.880663,98.9031
B0007,24,28,18.0079,2.0,1.859165,1.880663,98.8569
B0007,24,29,18.2257,2.0,1.84814,1.880663,98.2707
B0007,24,30,18.4509,2.0,1.849202,1.880663,98.3271
B0007,24,31,20.0056,2.0,1.883468,1.880663,100.1492
B0007,24,32,20.2088,2.0,1.862821,1.880663,99.0513
B0007,24,33,20.4115,2.0,1.852085,1.880663,98.4804
B0007,24,34,20.6199,2.0,1.84695,1.880663,98.2074
B0007,24,35,20.8211,2.0,1.836828,1.880663,97.6692
B0007,24,36,21.0283,2.0,1.837162,1.880663,97.6869
B0007,24,37,21.2342,2.0,1.831672,1.880663,97.395
B0007,24,38,21.4346,2.0,1.821147,1.880663,96.8354
B0007,24,39,21.6419,2.0,1.816506,1.880663,96.5886
B0007,24,40,21.8498,2.0,1.811382,1.880663,96.3161
B0007,24,41,22.0557,2.0,1.811606,1.880663,96.328
B0007,24,42,22.2587,2.0,1.806055,1.880663,96.0329
B0007,24,43,22.8598,2.0,1.813204,1.880663,96.413
B0007,24,44,23.1932,2.0,1.806264,1.880663,96.044
B0007,24,45,23.402,2.0,1.795831,1.880663,95.4893
B0007,24,46,23.6055,2.0,1.785885,1.880663,94.9604
B0007,24,47,23.8144,2.0,1.780327,1.880663,94.6649
B0007,24,48,26.8682,2.0,1.815076,1.880663,96.5126
B0007,24,49,27.0693,2.0,1.815703,1.880663,96.5459
B0007,24,50,27.2739,2.0,1.800243,1.880663,95.7239
B0007,24,51,27.471,2.0,1.790448,1.880663,95.203
B0007,24,52,27.6778,2.0,1.780343,1.880663,94.6657
B0007,24,53,27.8772,2.0,1.775329,1.880663,94.3991
B0007,24,54,28.0796,2.0,1.770263,1.880663,94.1297
B0007,24,55,28.2842,2.0,1.760081,1.880663,93.5883
B0007,24,56,28.493,2.0,1.749648,1.880663,93.0336
B0007,24,57,28.7016,2.0,1.74965,1.880663,93.0337
B0007,24,58,28.9088,2.0,1.745029,1.880663,92.788
B0007,24,59,29.1149,2.0,1.739646,1.880663,92.5017
B0007,24,60,29.3226,2.0,1.728564,1.880663,91.9125
B0007,24,61,29.5194,2.0,1.7239,1.880663,91.6645
B0007,24,62,29.7215,2.0,1.713979,1.880663,91.137
B0007,24,63,29.9287,2.0,1.71397,1.880663,91.1365
B0007,24,64,30.1542,2.0,1.703652,1.880663,90.5879
B0007,24,65,30.3324,2.0,1.704014,1.880663,90.6071
B0007,24,66,30.533,2.0,1.693572,1.880663,90.0519
B0007,24,67,30.7393,2.0,1.687658,1.880663,89.7374
B0007,24,68,30.9437,2.0,1.683074,1.880663,89.4937
B0007,24,69,31.1476,2.0,1.677927,1.880663,89.22
B0007,24,70,31.345,2.0,1.673206,1.880663,88.969
B0007,24,71,31.5528,2.0,1.667437,1.880663,88.6622
B0007,24,72,31.7601,2.0,1.662266,1.880663,88.3873
B0007,24,73,31.967,2.0,1.657424,1.880663,88.1298
B0007,24,74,32.1746,2.0,1.652539,1.880663,87.87
B0007,24,75,32.3821,2.0,1.647217,1.880663,87.5871
B0007,24,76,32.5851,2.0,1.636414,1.880663,87.0126
B0007,24,77,32.8443,2.0,1.636255,1.880663,87.0042
B0007,24,78,33.2184,2.0,1.641119,1.880663,87.2628
B0007,24,79,33.4258,2.0,1.63157,1.880663,86.7551
B0007,24,80,33.6329,2.0,1.621213,1.880663,86.2044
B0007,24,81,33.8331,2.0,1.616427,1.880663,85.9499
B0007,24,82,34.0402,2.0,1.615824,1.880663,85.9178
B0007,24,83,34.2473,2.0,1.616724,1.880663,85.9657
B0007,24,84,34.4526,2.0,1.610866,1.880663,85.6541
B0007,24,85,34.6516,2.0,1.60066,1.880663,85.1115
B0007,24,86,34.8584,2.0,1.595917,1.880663,84.8593
B0007,24,87,35.0651,2.0,1.596218,1.880663,84.8753
B0007,24,88,35.2712,2.0,1.595807,1.880663,84.8534
B0007,24,89,35.4779,2.0,1.590651,1.880663,84.5793
B0007,24,90,36.8746,2.0,1.688821,1.880663,89.7993
B0007,24,91,37.21,2.0,1.625994,1.880663,86.4586
B0007,24,92,37.4141,2.0,1.615743,1.880663,85.9135
B0007,24,93,37.6198,2.0,1.605663,1.880663,85.3775
B0007,24,94,37.8267,2.0,1.594975,1.880663,84.8092
B0007,24,95,38.0321,2.0,1.59041,1.880663,84.5665
B0007,24,96,38.2377,2.0,1.585352,1.880663,84.2975
B0007,24,97,38.4442,2.0,1.579974,1.880663,84.0115
B0007,24,98,38.6457,2.0,1.575219,1.880663,83.7587
B0007,24,99,38.8522,2.0,1.569798,1.880663,83.4705
B0007,24,100,39.0585,2.0,1.570257,1.880663,83.4949
B0007,24,101,39.2649,2.0,1.56525,1.880663,83.2286
B0007,24,102,39.4662,2.0,1.559634,1.880663,82.93
B0007,24,103,39.8964,2.0,1.564982,1.880663,83.2144
B0007,24,104,40.1488,2.0,1.574979,1.880663,83.746
B0007,24,105,40.3525,2.0,1.565281,1.880663,83.2303
B0007,24,106,40.5484,2.0,1.559755,1.880663,82.9365
B0007,24,107,40.7489,2.0,1.549898,1.880663,82.4123
B0007,24,108,40.9547,2.0,1.543877,1.880663,82.0922
B0007,24,109,41.1518,2.0,1.545019,1.880663,82.1529
B0007,24,110,41.3568,2.0,1.544594,1.880663,82.1303
B0007,24,111,41.5627,2.0,1.534309,1.880663,81.5834
B0007,24,112,41.7685,2.0,1.52876,1.880663,81.2884
B0007,24,113,41.9651,2.0,1.528926,1.880663,81.2972
B0007,24,114,42.1708,2.0,1.529092,1.880663,81.306
B0007,24,115,42.3766,2.0,1.523906,1.880663,81.0303
B0007,24,116,42.5822,2.0,1.518668,1.880663,80.7517
B0007,24,117,42.7878,2.0,1.513648,1.880663,80.4848
B0007,24,118,42.9898,2.0,1.513605,1.880663,80.4825
B0007,24,119,43.1883,2.0,1.513947,1.880663,80.5007
B0007,24,120,44.062,2.0,1.53396,1.880663,81.5649
B0007,24,121,44.2583,2.0,1.539137,1.880663,81.8402
B0007,24,122,44.4629,2.0,1.523625,1.880663,81.0153
B0007,24,123,44.6664,2.0,1.513581,1.880663,80.4813
B0007,24,124,44.8719,2.0,1.507785,1.880663,80.1731
B0007,24,125,45.0763,2.0,1.503196,1.880663,79.9291
B0007,24,126,45.2814,2.0,1.497822,1.880663,79.6433
B0007,24,127,45.4859,2.0,1.492849,1.880663,79.3789
B0007,24,128,45.6911,2.0,1.492414,1.880663,79.3558
B0007,24,129,45.8883,2.0,1.487483,1.880663,79.0935
B0007,24,130,46.0908,2.0,1.482535,1.880663,78.8305
B0007,24,131,46.2959,2.0,1.482787,1.880663,78.8439
B0007,24,132,46.501,2.0,1.476971,1.880663,78.5346
B0007,24,133,47.0062,2.0,1.481902,1.880663,78.7968
B0007,24,134,47.232,2.0,1.498137,1.880663,79.66
B0007,24,135,47.4104,2.0,1.482078,1.880663,78.8061
B0007,24,136,47.6156,2.0,1.477116,1.880663,78.5423
B0007,24,137,47.8206,2.0,1.472077,1.880663,78.2744
B0007,24,138,48.0221,2.0,1.472248,1.880663,78.2835
B0007,24,139,48.2257,2.0,1.467011,1.880663,78.005
B0007,24,140,48.4264,2.0,1.461767,1.880663,77.7262
B0007,24,141,48.6241,2.0,1.456695,1.880663,77.4565
B0007,24,142,48.8281,2.0,1.451355,1.880663,77.1725
B0007,24,143,49.031,2.0,1.451616,1.880663,77.1864
B0007,24,144,49.2337,2.0,1.446816,1.880663,76.9312
B0007,24,145,49.4287,2.0,1.446757,1.880663,76.928
B0007,24,146,49.6298,2.0,1.44138,1.880663,76.6421
B0007,24,147,49.8317,2.0,1.436246,1.880663,76.3691
B0007,24,148,50.0363,2.0,1.436815,1.880663,76.3994
B0007,24,149,50.232,2.0,1.436295,1.880663,76.3717
B0007,24,150,50.8664,2.0,1.441858,1.880663,76.6675
B0007,24,151,51.2006,2.0,1.467206,1.880663,78.0154
B0007,24,152,51.4053,2.0,1.451864,1.880663,77.1996
B0007,24,153,51.6074,2.0,1.447138,1.880663,76.9483
B0007,24,154,51.8036,2.0,1.441791,1.880663,76.664
B0007,24,155,52.0038,2.0,1.431631,1.880663,76.1237
B0007,24,156,52.2052,2.0,1.431808,1.880663,76.1332
B0007,24,157,52.4036,2.0,1.426256,1.880663,75.838
B0007,24,158,52.6053,2.0,1.426088,1.880663,75.829
B0007,24,159,52.8097,2.0,1.421263,1.880663,75.5725
B0007,24,160,53.008,2.0,1.416327,1.880663,75.31
B0007,24,161,53.2065,2.0,1.416578,1.880663,75.3234
B0007,24,162,53.4079,2.0,1.41084,1.880663,75.0182
B0007,24,163,53.608,2.0,1.410995,1.880663,75.0265
B0007,24,164,53.8048,2.0,1.406171,1.880663,74.77
B0007,24,165,54.0035,2.0,1.406336,1.880663,74.7787
B0007,24,166,54.2051,2.0,1.400455,1.880663,74.4661
B0007,24,167,55.0187,2.0,1.421787,1.880663,75.6003
B0007,24,168,55.2222,2.0,1.432455,1.880663,76.1676
B0018,24,1,0.0,1.999,1.855005,1.839602,100.8373
B0018,24,2,0.2761,1.9988,1.843196,1.839602,100.1954
B0018,24,3,0.4866,1.9986,1.839602,1.839602,100.0
B0018,24,4,0.6968,1.9988,1.830674,1.839602,99.5147
B0018,24,5,1.1544,1.999,1.8327,1.839602,99.6248
B0018,24,6,1.3207,1.9988,1.828529,1.839602,99.3981
B0018,24,7,1.487,1.9988,1.821201,1.839602,98.9997
B0018,24,8,1.6531,1.9988,1.81517,1.839602,98.6719
B0018,24,9,1.8411,1.9988,1.804298,1.839602,98.0809
B0018,24,10,3.055,1.9988,1.8231,1.839602,99.103
B0018,24,11,3.2212,1.9988,1.812125,1.839602,98.5064
B0018,24,12,3.3854,1.9986,1.804692,1.839602,98.1023
B0018,24,13,3.5509,1.9986,1.790844,1.839602,97.3496
B0018,24,14,3.7387,1.9986,1.783471,1.839602,96.9487
B0018,24,15,3.9664,1.999,1.780939,1.839602,96.8111
B0018,24,16,4.1319,1.9988,1.771209,1.839602,96.2822
B0018,24,17,4.2963,1.9986,1.76863,1.839602,96.142
B0018,24,18,4.4602,1.9986,1.75363,1.839602,95.3266
B0018,24,19,4.646,1.9986,1.74622,1.839602,94.9238
B0018,24,20,4.8334,1.9986,1.737665,1.839602,94.4587
B0018,24,21,4.9986,1.9986,1.731517,1.839602,94.1245
B0018,24,22,5.1509,1.9986,1.708595,1.839602,92.8785
B0018,24,23,5.316,1.9986,1.71147,1.839602,93.0348
B0018,24,24,5.5025,1.9986,1.707502,1.839602,92.8191
B0018,24,25,6.9117,1.9988,1.749238,1.839602,95.0879
B0018,24,26,7.0752,1.9988,1.73277,1.839602,94.1926
B0018,24,27,7.2375,1.9988,1.722231,1.839602,93.6198
B0018,24,28,7.399,1.9986,1.711846,1.839602,93.0553
B0018,24,29,7.5829,1.9986,1.699268,1.839602,92.3715
B0018,24,30,7.7694,1.9986,1.694037,1.839602,92.0871
B0018,24,31,7.9315,1.9988,1.681903,1.839602,91.4275
B0018,24,32,8.0933,1.9988,1.676977,1.839602,91.1598
B0018,24,33,8.2542,1.9988,1.665523,1.839602,90.5371
B0018,24,34,8.4373,1.9986,1.657192,1.839602,90.0843
B0018,24,35,8.623,1.9986,1.648224,1.839602,89.5968
B0018,24,36,8.7849,1.9986,1.63877,1.839602,89.0829
B0018,24,37,8.946,1.9988,1.627649,1.839602,88.4783
B0018,24,38,9.1084,1.9988,1.622154,1.839602,88.1796
B0018,24,39,9.2906,1.9986,1.614007,1.839602,87.7367
B0018,24,40,11.0922,1.9988,1.676052,1.839602,91.1095
B0018,24,41,11.253,1.9986,1.649301,1.839602,89.6553
B0018,24,42,11.413,1.9986,1.632383,1.839602,88.7357
B0018,24,43,11.5733,1.9986,1.616416,1.839602,87.8677
B0018,24,44,11.757,1.9986,1.610903,1.839602,87.568
B0018,24,45,11.9427,1.9986,1.595464,1.839602,86.7288
B0018,24,46,22.1382,1.9988,1.726707,1.839602,93.8631
B0018,24,47,22.2961,1.9986,1.716567,1.839602,93.3119
B0018,24,48,22.4544,1.9986,1.695824,1.839602,92.1843
B0018,24,49,22.6122,1.9986,1.677778,1.839602,91.2033
B0018,24,50,22.7756,1.9988,1.660659,1.839602,90.2727
B0018,24,51,23.1755,1.9988,1.666411,1.839602,90.5854
B0018,24,52,23.3343,1.9986,1.646834,1.839602,89.5212
B0018,24,53,23.4797,1.9986,1.625764,1.839602,88.3759
B0018,24,54,23.6249,1.9986,1.612158,1.839602,87.6362
B0018,24,55,23.788,1.9986,1.605737,1.839602,87.2872
B0018,24,56,25.1049,1.9988,1.673645,1.839602,90.9787
B0018,24,57,25.2616,1.9988,1.640435,1.839602,89.1734
B0018,24,58,25.4178,1.9986,1.613265,1.839602,87.6964
B0018,24,59,25.5753,1.9986,1.592096,1.839602,86.5457
B0018,24,60,25.7579,1.9986,1.586601,1.839602,86.247
B0018,24,61,25.9442,1.9988,1.580077,1.839602,85.8923
B0018,24,62,26.1017,1.9988,1.564173,1.839602,85.0278
B0018,24,63,26.2597,1.9986,1.555618,1.839602,84.5628
B0018,24,64,26.4171,1.9986,1.540205,1.839602,83.7249
B0018,24,65,26.5998,1.9986,1.532161,1.839602,83.2877
B0018,24,66,26.787,1.9986,1.531623,1.839602,83.2584
B0018,24,67,26.9437,1.9986,1.52226,1.839602,82.7494
B0018,24,68,27.1021,1.9986,1.506527,1.839602,81.8942
B0018,24,69,27.2579,1.9986,1.501422,1.839602,81.6167
B0018,24,70,27.4397,1.9986,1.496353,1.839602,81.3412
B0018,24,71,28.0784,1.9988,1.533426,1.839602,83.3564
B0018,24,72,28.2359,1.9986,1.523845,1.839602,82.8356
B0018,24,73,28.393,1.9986,1.501192,1.839602,81.6042
B0018,24,74,28.5503,1.9986,1.492418,1.839602,81.1272
B0018,24,75,28.7141,1.9986,1.483324,1.839602,80.6329
B0018,24,76,28.8995,1.9986,1.480738,1.839602,80.4923
B0018,24,77,29.0561,1.9988,1.473508,1.839602,80.0993
B0018,24,78,29.2127,1.9986,1.468019,1.839602,79.8009
B0018,24,79,29.369,1.9986,1.458092,1.839602,79.2613
B0018,24,80,29.5503,1.9986,1.447866,1.839602,78.7054
B0018,24,81,29.7361,1.9986,1.452781,1.839602,78.9726
B0018,24,82,29.8925,1.9986,1.442536,1.839602,78.4156
B0018,24,83,30.0487,1.9988,1.439271,1.839602,78.2382
B0018,24,84,30.204,1.9986,1.428648,1.839602,77.6607
B0018,24,85,30.3835,1.9986,1.424903,1.839602,77.4571
B0018,24,86,31.16,1.9986,1.469812,1.839602,79.8984
B0018,24,87,31.3162,1.9986,1.452582,1.839602,78.9618
B0018,24,88,31.4704,1.9984,1.442834,1.839602,78.4319
B0018,24,89,31.6259,1.9984,1.428376,1.839602,77.6459
B0018,24,90,31.7912,1.9986,1.415455,1.839602,76.9435
B0018,24,91,32.2046,1.9988,1.454577,1.839602,79.0702
B0018,24,92,32.3601,1.9988,1.428318,1.839602,77.6428
B0018,24,93,32.515,1.9988,1.419703,1.839602,77.1745
B0018,24,94,32.6698,1.9986,1.415561,1.839602,76.9493
B0018,24,95,32.8483,1.9988,1.40568,1.839602,76.4122
B0018,24,96,33.0303,1.9988,1.408446,1.839602,76.5626
B0018,24,97,33.1845,1.9988,1.396855,1.839602,75.9325
B0018,24,98,33.3379,1.9988,1.393567,1.839602,75.7537
B0018,24,99,33.49,1.9988,1.389364,1.839602,75.5253
B0018,24,100,33.6692,1.9986,1.378565,1.839602,74.9382
B0018,24,101,33.8501,1.9988,1.384901,1.839602,75.2827
B0018,24,102,34.0041,1.9988,1.370325,1.839602,74.4903
B0018,24,103,34.1567,1.9988,1.373346,1.839602,74.6545
B0018,24,104,34.3088,1.9988,1.367949,1.839602,74.3611
B0018,24,105,34.4846,1.9988,1.356714,1.839602,73.7504
B0018,24,106,37.9093,1.9988,1.460431,1.839602,79.3884
B0018,24,107,38.0656,1.9988,1.4501,1.839602,78.8268
B0018,24,108,38.218,1.9986,1.438141,1.839602,78.1767
B0018,24,109,38.3705,1.9986,1.428368,1.839602,77.6455
B0018,24,110,38.5303,1.9986,1.414787,1.839602,76.9073
B0018,24,111,38.7114,1.9986,1.413889,1.839602,76.8584
B0018,24,112,38.8643,1.9988,1.398933,1.839602,76.0454
B0018,24,113,39.0151,1.9988,1.395332,1.839602,75.8497
B0018,24,114,39.1653,1.9988,1.390046,1.839602,75.5623
B0018,24,115,39.3414,1.9986,1.386027,1.839602,75.3439
B0018,24,116,39.526,1.9986,1.388215,1.839602,75.4628
B0018,24,117,39.682,1.9986,1.376183,1.839602,74.8087
B0018,24,118,39.8374,1.9986,1.364717,1.839602,74.1854
B0018,24,119,39.9913,1.9986,1.358985,1.839602,73.8739
B0018,24,120,40.1669,1.9986,1.346231,1.839602,73.1806
B0018,24,121,41.9665,1.9986,1.426843,1.839602,77.5626
B0018,24,122,42.1204,1.9986,1.406448,1.839602,76.4539
B0018,24,123,42.2731,1.9986,1.393491,1.839602,75.7496
B0018,24,124,42.4238,1.9986,1.388249,1.839602,75.4647
B0018,24,125,42.5845,1.9986,1.370188,1.839602,74.4828
B0018,24,126,42.7668,1.9986,1.379695,1.839602,74.9997
B0018,24,127,42.9181,1.9988,1.368659,1.839602,74.3997
B0018,24,128,43.069,1.9988,1.362737,1.839602,74.0778
B0018,24,129,43.22,1.9986,1.363405,1.839602,74.1141
B0018,24,130,43.3942,1.9986,1.351865,1.839602,73.4868
B0018,24,131,43.574,1.9986,1.354797,1.839602,73.6462
B0018,24,132,43.7235,1.9986,1.341051,1.839602,72.899
B0025,24,1,0.0,3.996,1.847011,1.847111,99.9946
B0025,24,2,0.2022,3.996,1.848565,1.847111,100.0787
B0025,24,3,0.4043,3.996,1.847111,1.847111,100.0
B0025,24,4,0.6062,3.996,1.848984,1.847111,100.1014
B0025,24,5,0.8078,3.996,1.837012,1.847111,99.4532
B0025,24,6,4.4837,3.996,1.817549,1.847111,98.3996
B0025,24,7,4.7338,3.996,1.839864,1.847111,99.6076
B0025,24,8,5.0697,3.996,1.84306,1.847111,99.7807
B0025,24,9,5.2684,3.996,1.840187,1.847111,99.6251
B0025,24,10,5.4672,3.996,1.828127,1.847111,98.9722
B0025,24,11,6.4389,3.996,1.825356,1.847111,98.8222
B0025,24,12,6.6882,3.996,1.821418,1.847111,98.609
B0025,24,13,6.8851,3.996,1.830316,1.847111,99.0907
B0025,24,14,7.0837,3.996,1.817549,1.847111,98.3996
B0025,24,15,7.281,3.996,1.810901,1.847111,98.0396
B0025,24,16,7.4794,3.996,1.808303,1.847111,97.899
B0025,24,17,16.7209,3.996,1.792802,1.847111,97.0598
B0025,24,18,16.9634,3.995,1.812563,1.847111,98.1296
B0025,24,19,17.1578,3.995,1.807773,1.847111,97.8703
B0025,24,20,17.3518,3.995,1.804806,1.847111,97.7096
B0025,24,21,17.5461,3.995,1.800539,1.847111,97.4786
B0025,24,22,17.7405,3.995,1.794236,1.847111,97.1374
B0025,24,23,19.811,3.995,1.807409,1.847111,97.8506
B0025,24,24,20.0052,3.995,1.79025,1.847111,96.9216
B0025,24,25,20.2,3.995,1.796122,1.847111,97.2395
B0025,24,26,20.3939,3.995,1.791224,1.847111,96.9743
B0025,24,27,20.5891,3.995,1.785482,1.847111,96.6635
B0025,24,28,33.4739,3.995,1.767789,1.847111,95.7056
B0026,24,1,0.0,4.0,1.81325,1.814291,99.9426
B0026,24,2,0.2022,4.0,1.814976,1.814291,100.0377
B0026,24,3,0.4043,4.0,1.813535,1.814291,99.9583
B0026,24,4,0.6062,4.0,1.815149,1.814291,100.0473
B0026,24,5,0.8078,4.0,1.814291,1.814291,100.0
B0026,24,6,4.4837,4.0,1.386337,1.814291,76.4121
B0026,24,7,4.7338,4.0,1.816528,1.814291,100.1233
B0026,24,8,5.0697,4.0,1.808564,1.814291,99.6843
B0026,24,9,5.2684,4.0,1.804936,1.814291,99.4844
B0026,24,10,5.4672,4.0,1.804932,1.814291,99.4841
B0026,24,11,6.4389,4.0,1.717679,1.814291,94.6749
B0026,24,12,6.6882,4.0,1.809805,1.814291,99.7527
B0026,24,13,6.8851,4.0,1.806556,1.814291,99.5737
B0026,24,14,7.0837,4.0,1.793816,1.814291,98.8714
B0026,24,15,7.281,4.0,1.799305,1.814291,99.174
B0026,24,16,7.4794,4.0,1.78422,1.814291,98.3425
B0026,24,17,16.7209,4.001,1.681882,1.814291,92.7019
B0026,24,18,16.9634,4.001,1.800752,1.814291,99.2537
B0026,24,19,17.1578,4.001,1.795973,1.814291,98.9903
B0026,24,20,17.3518,4.001,1.793103,1.814291,98.8321
B0026,24,21,17.5461,4.001,1.801027,1.814291,99.2689
B0026,24,22,17.7405,4.001,1.782457,1.814291,98.2454
B0026,24,23,19.811,4.001,1.79593,1.814291,98.988
B0026,24,24,20.0052,4.001,1.778314,1.814291,98.017
B0026,24,25,20.2,4.001,1.771719,1.814291,97.6535
B0026,24,26,20.3939,4.001,1.779075,1.814291,98.0589
B0026,24,27,20.5891,4.001,1.773323,1.814291,97.7419
B0026,24,28,33.4739,4.001,1.768754,1.814291,97.4901
B0027,24,1,0.0,3.997,1.823308,1.814238,100.4999
B0027,24,2,0.2022,3.997,1.814238,1.814238,100.0
B0027,24,3,0.4043,3.997,1.81286,1.814238,99.924
B0027,24,4,0.6062,3.997,1.814424,1.814238,100.0102
B0027,24,5,0.8078,3.997,1.8128,1.814238,99.9207
B0027,24,6,4.4837,3.997,1.794604,1.814238,98.9178
B0027,24,7,4.7338,3.997,1.816519,1.814238,100.1257
B0027,24,8,5.0697,3.997,1.819834,1.814238,100.3084
B0027,24,9,5.2684,3.997,1.816981,1.814238,100.1512
B0027,24,10,5.4672,3.997,1.80476,1.814238,99.4776
B0027,24,11,6.4389,3.997,1.802178,1.814238,99.3352
B0027,24,12,6.6882,3.997,1.810054,1.814238,99.7694
B0027,24,13,6.8851,3.997,1.819162,1.814238,100.2714
B0027,24,14,7.0837,3.997,1.806345,1.814238,99.5649
B0027,24,15,7.281,3.997,1.812001,1.814238,99.8767
B0027,24,16,7.4794,3.997,1.809239,1.814238,99.7244
B0027,24,17,16.7209,3.998,1.782072,1.814238,98.227
B0027,24,18,16.9634,3.997,1.81455,1.814238,100.0172
B0027,24,19,17.1578,3.997,1.809153,1.814238,99.7197
B0027,24,20,17.3518,3.997,1.806555,1.814238,99.5765
B0027,24,21,17.5461,3.997,1.802402,1.814238,99.3476
B0027,24,22,17.7405,3.997,1.796433,1.814238,99.0186
B0027,24,23,19.811,3.997,1.808804,1.814238,99.7004
B0027,24,24,20.0052,3.997,1.791553,1.814238,98.7496
B0027,24,25,20.2,3.997,1.785338,1.814238,98.407
B0027,24,26,20.3939,3.997,1.793209,1.814238,98.8409
B0027,24,27,20.5891,3.997,1.78731,1.814238,98.5157
B0027,24,28,33.4739,3.997,1.770093,1.814238,97.5667
B0028,24,1,0.0,1.9992,1.804685,1.797619,100.3931
B0028,24,2,0.2022,1.9992,1.804783,1.797619,100.3986
B0028,24,3,0.4043,1.9992,1.797619,1.797619,100.0
B0028,24,4,0.6062,1.9992,1.792991,1.797619,99.7426
B0028,24,5,0.8078,1.9992,1.791918,1.797619,99.6829
B0028,24,6,4.4837,1.9992,1.775026,1.797619,98.7432
B0028,24,7,4.7338,1.9992,1.792049,1.797619,99.6902
B0028,24,8,5.0697,1.9992,1.790476,1.797619,99.6026
B0028,24,9,5.2684,1.9992,1.786837,1.797619,99.4002
B0028,24,10,5.4672,1.9992,1.787153,1.797619,99.4178
B0028,24,11,6.4389,1.9992,1.781634,1.797619,99.1108
B0028,24,12,6.6882,1.9992,1.785024,1.797619,99.2993
B0028,24,13,6.8851,1.9992,1.780387,1.797619,99.0414
B0028,24,14,7.0837,1.9992,1.778906,1.797619,98.959
B0028,24,15,7.281,1.9992,1.773839,1.797619,98.6771
B0028,24,16,7.4794,1.9992,1.769683,1.797619,98.446
B0028,24,17,16.7209,1.9992,1.740879,1.797619,96.8436
B0028,24,18,16.9634,1.9992,1.764819,1.797619,98.1754
B0028,24,19,17.1578,1.9992,1.761786,1.797619,98.0066
B0028,24,20,17.3518,1.9992,1.757706,1.797619,97.7797
B0028,24,21,17.5461,1.9992,1.751938,1.797619,97.4588
B0028,24,22,17.7405,1.9992,1.752124,1.797619,97.4692
B0028,24,23,19.811,1.9992,1.759771,1.797619,97.8946
B0028,24,24,20.0052,1.9992,1.748301,1.797619,97.2565
B0028,24,25,20.2,1.9992,1.741148,1.797619,96.8586
B0028,24,26,20.3939,1.9992,1.736383,1.797619,96.5935
B0028,24,27,20.5891,1.9992,1.736559,1.797619,96.6033
B0028,24,28,33.4739,1.9992,1.717234,1.797619,95.5282
B0029,43,1,0.0,3.995,1.697507,1.81575,93.4879
B0029,43,2,0.1343,3.995,1.844701,1.81575,101.5944
B0029,43,3,0.2689,3.995,1.825438,1.81575,100.5335
B0029,43,4,0.4031,3.995,1.81575,1.81575,100.0
B0029,43,5,0.5364,3.995,1.813299,1.81575,99.865
B0029,43,6,1.7458,3.995,1.815165,1.81575,99.9677
B0029,43,7,1.8771,3.995,1.814332,1.81575,99.9219
B0029,43,8,2.0081,3.995,1.801344,1.81575,99.2066
B0029,43,9,2.1388,3.995,1.788156,1.81575,98.4803
B0029,43,10,2.2689,3.995,1.776071,1.81575,97.8147
B0029,43,11,2.8459,3.995,1.785281,1.81575,98.3219
B0029,43,12,2.9745,3.995,1.769812,1.81575,97.47
B0029,43,13,3.1028,3.995,1.756523,1.81575,96.7381
B0029,43,14,3.2308,3.995,1.754341,1.81575,96.618
B0029,43,15,3.3593,3.995,1.739288,1.81575,95.7889
B0029,43,16,5.7225,3.995,1.779785,1.81575,98.0192
B0029,43,17,5.8503,3.995,1.765709,1.81575,97.244
B0029,43,18,5.9784,3.995,1.752394,1.81575,96.5107
B0029,43,19,6.1067,3.995,1.738019,1.81575,95.7191
B0029,43,20,6.2352,3.995,1.731221,1.81575,95.3447
B0029,43,21,6.7516,3.995,1.737913,1.81575,95.7132
B0029,43,22,6.8787,3.995,1.722427,1.81575,94.8603
B0029,43,23,7.0058,3.995,1.718421,1.81575,94.6397
B0029,43,24,7.1332,3.995,1.701022,1.81575,93.6815
B0029,43,25,7.2603,3.995,1.693699,1.81575,93.2782
B0029,43,26,7.9358,3.995,1.713073,1.81575,94.3452
B0029,43,27,8.063,3.995,1.697697,1.81575,93.4984
B0029,43,28,8.1889,3.995,1.689931,1.81575,93.0707
B0029,43,29,8.3153,3.995,1.685024,1.81575,92.8004
B0029,43,30,8.4415,3.995,1.67839,1.81575,92.4351
B0029,43,31,8.7379,3.995,1.673795,1.81575,92.182
B0029,43,32,8.8637,3.995,1.66879,1.81575,91.9063
B0029,43,33,8.9898,3.995,1.649257,1.81575,90.8306
B0029,43,34,9.1156,3.995,1.640968,1.81575,90.3741
B0029,43,35,9.2405,3.995,1.645636,1.81575,90.6312
B0029,43,36,9.7184,3.995,1.654548,1.81575,91.122
B0029,43,37,9.8441,3.995,1.64612,1.81575,90.6578
B0029,43,38,9.9694,3.995,1.627512,1.81575,89.633
B0029,43,39,10.0948,3.995,1.620053,1.81575,89.2222
B0029,43,40,10.219,3.995,1.61208,1.81575,88.7831
B0030,43,1,0.0,4.001,1.656071,1.751755,94.5378
B0030,43,2,0.1343,4.001,1.781555,1.751755,101.7011
B0030,43,3,0.2689,4.001,1.761969,1.751755,100.5831
B0030,43,4,0.4031,4.001,1.751755,1.751755,100.0
B0030,43,5,0.5364,4.001,1.738169,1.751755,99.2244
B0030,43,6,1.7458,4.001,1.750675,1.751755,99.9383
B0030,43,7,1.8771,4.001,1.749105,1.751755,99.8487
B0030,43,8,2.0081,4.001,1.725254,1.751755,98.4872
B0030,43,9,2.1388,4.001,1.711262,1.751755,97.6884
B0030,43,10,2.2689,4.001,1.699042,1.751755,96.9908
B0030,43,11,2.8459,4.001,1.718577,1.751755,98.106
B0030,43,12,2.9745,4.001,1.703247,1.751755,97.2309
B0030,43,13,3.1028,4.001,1.689458,1.751755,96.4437
B0030,43,14,3.2308,4.001,1.675614,1.751755,95.6534
B0030,43,15,3.3593,4.001,1.671841,1.751755,95.438
B0030,43,16,5.7225,4.001,1.723306,1.751755,98.376
B0030,43,17,5.8503,4.001,1.709207,1.751755,97.5711
B0030,43,18,5.9784,4.001,1.684002,1.751755,96.1323
B0030,43,19,6.1067,4.001,1.668987,1.751755,95.2751
B0030,43,20,6.2352,4.001,1.662069,1.751755,94.8802
B0030,43,21,6.7516,4.001,1.668705,1.751755,95.259
B0030,43,22,6.8787,4.001,1.652762,1.751755,94.3489
B0030,43,23,7.0058,4.001,1.648481,1.751755,94.1046
B0030,43,24,7.1332,4.001,1.630741,1.751755,93.0918
B0030,43,25,7.2603,4.001,1.62323,1.751755,92.6631
B0030,43,26,7.9358,4.001,1.654191,1.751755,94.4305
B0030,43,27,8.063,4.001,1.638514,1.751755,93.5356
B0030,43,28,8.1889,4.001,1.618848,1.751755,92.4129
B0030,43,29,8.3153,4.001,1.613421,1.751755,92.1031
B0030,43,30,8.4415,4.001,1.606644,1.751755,91.7163
B0030,43,31,8.7379,4.001,1.613839,1.751755,92.127
B0030,43,32,8.8637,4.001,1.59633,1.751755,91.1274
B0030,43,33,8.9898,4.001,1.589079,1.751755,90.7135
B0030,43,34,9.1156,4.001,1.580548,1.751755,90.2266
B0030,43,35,9.2405,4.001,1.584613,1.751755,90.4586
B0030,43,36,9.7184,4.001,1.593665,1.751755,90.9753
B0030,43,37,9.8441,4.001,1.584987,1.751755,90.48
B0030,43,38,9.9694,4.001,1.578706,1.751755,90.1214
B0030,43,39,10.0948,4.001,1.570706,1.751755,89.6647
B0030,43,40,10.219,4.001,1.56278,1.751755,89.2123
B0031,43,1,0.0,3.997,1.666675,1.804439,92.3653
B0031,43,2,0.1343,3.997,1.832858,1.804439,101.575
B0031,43,3,0.2689,3.997,1.813984,1.804439,100.529
B0031,43,4,0.4031,3.997,1.804439,1.804439,100.0
B0031,43,5,0.5364,3.997,1.802148,1.804439,99.873
B0031,43,6,1.7458,3.997,1.771565,1.804439,98.1782
B0031,43,7,1.8771,3.997,1.813993,1.804439,100.5295
B0031,43,8,2.0081,3.997,1.801326,1.804439,99.8275
B0031,43,9,2.1388,3.997,1.788372,1.804439,99.1096
B0031,43,10,2.2689,3.997,1.77654,1.804439,98.4539
B0031,43,11,2.8459,3.997,1.785621,1.804439,98.9571
B0031,43,12,2.9745,3.997,1.781363,1.804439,98.7212
B0031,43,13,3.1028,3.997,1.76849,1.804439,98.0078
B0031,43,14,3.2308,3.997,1.766505,1.804439,97.8978
B0031,43,15,3.3593,3.997,1.751741,1.804439,97.0795
B0031,43,16,5.7225,3.997,1.735235,1.804439,96.1648
B0031,43,17,5.8503,3.997,1.778278,1.804439,98.5502
B0031,43,18,5.9784,3.997,1.764989,1.804439,97.8138
B0031,43,19,6.1067,3.997,1.762591,1.804439,97.6809
B0031,43,20,6.2352,3.997,1.744315,1.804439,96.668
B0031,43,21,6.7516,3.997,1.762837,1.804439,97.6945
B0031,43,22,6.8787,3.997,1.747858,1.804439,96.8644
B0031,43,23,7.0058,3.997,1.744117,1.804439,96.657
B0031,43,24,7.1332,3.997,1.726842,1.804439,95.6997
B0031,43,25,7.2603,3.997,1.720309,1.804439,95.3376
B0031,43,26,7.9358,3.997,1.739425,1.804439,96.397
B0031,43,27,8.063,3.997,1.736738,1.804439,96.2481
B0031,43,28,8.1889,3.997,1.716963,1.804439,95.1522
B0031,43,29,8.3153,3.997,1.712777,1.804439,94.9202
B0031,43,30,8.4415,3.997,1.706108,1.804439,94.5506
B0031,43,31,8.7379,3.997,1.713733,1.804439,94.9732
B0031,43,32,8.8637,3.997,1.709348,1.804439,94.7302
B0031,43,33,8.9898,3.997,1.6901,1.804439,93.6635
B0031,43,34,9.1156,3.997,1.694688,1.804439,93.9178
B0031,43,35,9.2405,3.997,1.687011,1.804439,93.4923
B0031,43,36,9.7184,3.997,1.695707,1.804439,93.9742
B0031,43,37,9.8441,3.997,1.687697,1.804439,93.5303
B0031,43,38,9.9694,3.997,1.681962,1.804439,93.2125
B0031,43,39,10.0948,3.997,1.675003,1.804439,92.8268
B0031,43,40,10.219,3.997,1.667299,1.804439,92.3999
B0032,43,1,0.0,4.001,1.704864,1.865495,91.3894
B0032,43,2,0.1343,4.001,1.894032,1.865495,101.5297
B0032,43,3,0.2689,4.001,1.874769,1.865495,100.4971
B0032,43,4,0.4031,4.001,1.865495,1.865495,100.0
B0032,43,5,0.5364,4.001,1.85274,1.865495,99.3163
B0032,43,6,1.7458,4.001,1.844174,1.865495,98.8571
B0032,43,7,1.8771,4.001,1.843024,1.865495,98.7954
B0032,43,8,2.0081,4.001,1.830282,1.865495,98.1124
B0032,43,9,2.1388,4.001,1.817384,1.865495,97.421
B0032,43,10,2.2689,4.001,1.805799,1.865495,96.8
B0032,43,11,2.8459,4.001,1.814983,1.865495,97.2923
B0032,43,12,2.9745,4.001,1.799515,1.865495,96.4632
B0032,43,13,3.1028,4.001,1.786652,1.865495,95.7736
B0032,43,14,3.2308,4.001,1.773555,1.865495,95.0716
B0032,43,15,3.3593,4.001,1.769995,1.865495,94.8807
B0032,43,16,5.7225,4.001,1.799526,1.865495,96.4637
B0032,43,17,5.8503,4.001,1.796853,1.865495,96.3205
B0032,43,18,5.9784,4.001,1.783827,1.865495,95.6222
B0032,43,19,6.1067,4.001,1.769644,1.865495,94.8619
B0032,43,20,6.2352,4.001,1.751294,1.865495,93.8783
B0032,43,21,6.7516,4.001,1.769755,1.865495,94.8679
B0032,43,22,6.8787,4.001,1.754773,1.865495,94.0647
B0032,43,23,7.0058,4.001,1.738917,1.865495,93.2148
B0032,43,24,7.1332,4.001,1.73372,1.865495,92.9362
B0032,43,25,7.2603,4.001,1.715097,1.865495,91.9379
B0032,43,26,7.9358,4.001,1.746293,1.865495,93.6102
B0032,43,27,8.063,4.001,1.719149,1.865495,92.1551
B0032,43,28,8.1889,4.001,1.711582,1.865495,91.7495
B0032,43,29,8.3153,4.001,1.695105,1.865495,90.8663
B0032,43,30,8.4415,4.001,1.700512,1.865495,91.1561
B0032,43,31,8.7379,4.001,1.708099,1.865495,91.5628
B0032,43,32,8.8637,4.001,1.691435,1.865495,90.6695
B0032,43,33,8.9898,4.001,1.684449,1.865495,90.2951
B0032,43,34,9.1156,4.001,1.664038,1.865495,89.2009
B0032,43,35,9.2405,4.001,1.668637,1.865495,89.4474
B0032,43,36,9.7184,4.001,1.689934,1.865495,90.5891
B0032,43,37,9.8441,4.001,1.669432,1.865495,89.49
B0032,43,38,9.9694,4.001,1.663423,1.865495,89.1679
B0032,43,39,10.0948,4.001,1.643615,1.865495,88.1061
B0032,43,40,10.219,4.001,1.6358,1.865495,87.6872
B0033,24,2,0.1976,3.995,0.68957,1.207012,57.1303
B0033,24,3,0.3621,3.995,1.161085,1.207012,96.195
B0033,24,4,0.5259,3.995,1.252939,1.207012,103.805
B0033,24,5,0.6891,3.995,1.302918,1.207012,107.9457
B0033,24,6,0.8535,3.995,1.321877,1.207012,109.5165
B0033,24,7,1.0674,3.995,1.288469,1.207012,106.7487
B0033,24,8,1.2316,3.995,1.713169,1.207012,141.9347
B0033,24,9,1.3959,3.995,1.656097,1.207012,137.2063
B0033,24,10,1.5601,3.995,1.61973,1.207012,134.1933
B0033,24,11,1.7243,3.995,1.604656,1.207012,132.9445
B0033,24,12,1.9381,3.995,1.62557,1.207012,134.6772
B0033,24,13,2.1022,3.995,1.590097,1.207012,131.7383
B0033,24,14,2.2663,3.995,1.57394,1.207012,130.3997
B0033,24,15,2.4303,3.995,1.57113,1.207012,130.1669
B0033,24,16,2.5943,3.995,1.589771,1.207012,131.7112
B0033,24,17,2.808,3.995,1.625738,1.207012,134.6911
B0033,24,18,2.9722,3.995,1.652351,1.207012,136.896
B0033,24,19,3.1365,3.995,1.614382,1.207012,133.7503
B0033,24,20,3.3005,3.995,1.586975,1.207012,131.4796
B0033,24,21,3.4644,3.995,1.581836,1.207012,131.0538
B0033,24,22,6.9245,3.995,1.691977,1.207012,140.179
B0033,24,23,7.1348,3.995,1.687948,1.207012,139.8452
B0033,24,24,7.2988,3.995,1.658622,1.207012,137.4156
B0033,24,25,7.4632,3.995,1.642018,1.207012,136.0399
B0033,24,26,7.6275,3.995,1.638181,1.207012,135.722
B0033,24,27,7.7917,3.995,1.642289,1.207012,136.0624
B0033,24,28,8.0055,3.995,1.651271,1.207012,136.8065
B0033,24,29,8.1695,3.995,1.632656,1.207012,135.2643
B0033,24,30,8.3335,3.995,1.626089,1.207012,134.7202
B0033,24,31,8.4976,3.995,1.607929,1.207012,133.2157
B0033,24,32,8.6615,3.995,1.612536,1.207012,133.5973
B0033,24,33,8.875,3.995,1.621838,1.207012,134.368
B0033,24,34,9.0383,3.995,1.614544,1.207012,133.7637
B0033,24,35,9.2012,3.995,1.595396,1.207012,132.1773
B0033,24,36,9.3649,3.995,1.587724,1.207012,131.5417
B0033,24,37,9.5284,3.995,1.581184,1.207012,130.9999
B0033,24,38,9.7418,3.995,1.612842,1.207012,133.6227
B0033,24,39,9.9039,3.996,1.619986,1.207012,134.2146
B0033,24,40,10.0643,3.995,1.609938,1.207012,133.3821
B0033,24,41,10.2267,3.995,1.577098,1.207012,130.6613
B0033,24,42,10.3878,3.995,1.57086,1.207012,130.1445
B0033,24,43,11.748,3.995,1.626158,1.207012,134.7259
B0033,24,44,11.9584,3.996,1.634813,1.207012,135.443
B0033,24,45,12.1193,3.995,1.611705,1.207012,133.5285
B0033,24,46,24.9559,3.996,1.88514,1.207012,156.1824
B0033,24,47,25.1705,3.995,1.658496,1.207012,137.4051
B0033,24,48,25.3319,3.995,1.624189,1.207012,134.5628
B0033,24,49,25.4936,3.995,1.604172,1.207012,132.9044
B0033,24,50,25.6574,3.995,1.608002,1.207012,133.2217
B0033,24,51,25.8191,3.996,1.625675,1.207012,134.6859
B0033,24,52,26.0296,3.996,1.617633,1.207012,134.0196
B0033,24,53,26.1906,3.995,1.597319,1.207012,132.3366
B0033,24,54,26.3519,3.995,1.587585,1.207012,131.5302
B0033,24,55,26.5134,3.995,1.580253,1.207012,130.9227
B0033,24,56,26.6743,3.995,1.583037,1.207012,131.1533
B0033,24,57,26.8873,3.996,1.602714,1.207012,132.7836
B0033,24,58,27.0471,3.996,1.593071,1.207012,131.9847
B0033,24,59,27.2085,3.995,1.544889,1.207012,127.9928
B0033,24,60,27.3697,3.995,1.535219,1.207012,127.1917
B0033,24,61,27.5307,3.995,1.525268,1.207012,126.3672
B0033,24,62,27.7434,3.995,1.555949,1.207012,128.9092
B0033,24,63,27.904,3.996,1.564803,1.207012,129.6427
B0033,24,64,28.0632,3.996,1.551862,1.207012,128.5705
B0033,24,65,28.2238,3.995,1.514455,1.207012,125.4714
B0033,24,66,28.3848,3.995,1.505194,1.207012,124.7041
B0033,24,67,33.7132,3.995,1.605824,1.207012,133.0413
B0033,24,68,33.924,3.996,1.624901,1.207012,134.6217
B0033,24,69,34.0841,3.995,1.589785,1.207012,131.7124
B0033,24,70,34.2451,3.995,1.555239,1.207012,128.8503
B0033,24,71,34.406,3.995,1.539756,1.207012,127.5676
B0033,24,72,34.5673,3.995,1.529317,1.207012,126.7027
B0033,24,73,34.7798,3.995,1.547681,1.207012,128.2241
B0033,24,74,34.936,3.996,1.565992,1.207012,129.7412
B0033,24,75,35.0955,3.995,1.541625,1.207012,127.7224
B0033,24,76,35.2568,3.995,1.517591,1.207012,125.7312
B0033,24,77,35.4179,3.995,1.50752,1.207012,124.8969
B0033,24,78,35.6309,3.995,1.495493,1.207012,123.9004
B0033,24,79,35.7927,3.995,1.499762,1.207012,124.2541
B0033,24,80,35.9547,3.995,1.490697,1.207012,123.503
B0033,24,81,36.1171,3.995,1.4801,1.207012,122.6251
B0033,24,82,36.2798,3.995,1.467609,1.207012,121.5903
B0033,24,83,36.4923,3.995,1.472982,1.207012,122.0354
B0033,24,84,36.6551,3.995,1.474287,1.207012,122.1435
B0033,24,85,36.8177,3.995,1.463516,1.207012,121.2512
B0033,24,86,36.9802,3.995,1.45271,1.207012,120.3558
B0033,24,87,37.1427,3.995,1.45573,1.207012,120.6061
B0033,24,88,37.3554,3.995,1.45974,1.207012,120.9383
B0033,24,89,37.5177,3.995,1.448712,1.207012,120.0246
B0033,24,90,37.6798,3.995,1.466676,1.207012,121.513
B0033,24,91,37.8413,3.996,1.46895,1.207012,121.7014
B0033,24,92,38.0022,3.996,1.471117,1.207012,121.8809
B0033,24,93,38.2151,3.995,1.447301,1.207012,119.9078
B0033,24,94,38.3772,3.995,1.420532,1.207012,117.6899
B0033,24,95,38.5399,3.995,1.424147,1.207012,117.9894
B0033,24,96,38.7025,3.995,1.441282,1.207012,119.4091
B0033,24,97,38.865,3.995,1.444897,1.207012,119.7085
B0033,24,98,39.0772,3.995,1.454026,1.207012,120.4649
B0033,24,99,39.239,3.995,1.422603,1.207012,117.8615
B0033,24,100,39.4015,3.995,1.410197,1.207012,116.8337
B0033,24,101,39.564,3.995,1.414488,1.207012,117.1892
B0033,24,102,39.7265,3.995,1.43136,1.207012,118.5871
B0033,24,103,39.9391,3.996,1.451513,1.207012,120.2567
B0033,24,104,40.0992,3.995,1.423038,1.207012,117.8976
B0033,24,105,40.2611,3.995,1.396299,1.207012,115.6822
B0033,24,106,40.4236,3.995,1.397906,1.207012,115.8154
B0033,24,107,40.5862,3.995,1.401135,1.207012,116.0829
B0033,24,108,40.7985,3.996,1.436783,1.207012,119.0363
B0033,24,109,40.9589,3.996,1.437001,1.207012,119.0544
B0033,24,110,41.1191,3.996,1.410356,1.207012,116.8468
B0033,24,111,41.2811,3.995,1.382633,1.207012,114.5501
B0033,24,112,41.4432,3.995,1.36994,1.207012,113.4985
B0033,24,113,41.6553,3.995,1.378613,1.207012,114.217
B0033,24,114,41.9331,3.996,1.803596,1.207012,149.4265
B0033,24,115,42.1561,3.995,1.423442,1.207012,117.9311
B0033,24,116,42.3169,3.995,1.3946,1.207012,115.5415
B0033,24,117,42.4781,3.995,1.396161,1.207012,115.6709
B0033,24,118,42.6405,3.995,1.384969,1.207012,114.7436
B0033,24,119,42.8023,3.995,1.371511,1.207012,113.6286
B0033,24,120,43.0143,3.995,1.361687,1.207012,112.8147
B0033,24,121,43.1752,3.995,1.37963,1.207012,114.3013
B0033,24,122,43.3369,3.995,1.364232,1.207012,113.0255
B0033,24,123,43.499,3.995,1.341841,1.207012,111.1705
B0033,24,124,43.6611,3.995,1.355222,1.207012,112.279
B0033,24,125,43.873,3.995,1.340386,1.207012,111.0499
B0033,24,126,44.0352,3.995,1.359408,1.207012,112.6259
B0033,24,127,44.1972,3.995,1.34571,1.207012,111.491
B0033,24,128,44.3591,3.995,1.347761,1.207012,111.661
B0033,24,129,44.5211,3.995,1.335482,1.207012,110.6436
B0033,24,130,44.7328,3.995,1.353155,1.207012,112.1078
B0033,24,131,44.893,3.996,1.370968,1.207012,113.5836
B0033,24,132,45.0554,3.996,1.357427,1.207012,112.4617
B0033,24,133,45.2177,3.995,1.344368,1.207012,111.3798
B0033,24,134,45.3796,3.995,1.330058,1.207012,110.1943
B0033,24,135,46.7289,3.995,1.403364,1.207012,116.2676
B0033,24,136,46.9409,3.996,1.386557,1.207012,114.8752
B0033,24,137,47.1018,3.995,1.370414,1.207012,113.5377
B0033,24,138,47.2643,3.995,1.325319,1.207012,109.8017
B0033,24,139,47.4264,3.995,0.843968,1.207012,69.9221
B0033,24,148,48.9601,3.996,1.46147,1.207012,121.0816
B0033,24,149,49.1222,3.995,1.4151,1.207012,117.2399
B0033,24,150,49.2839,3.995,1.383632,1.207012,114.6329
B0033,24,151,49.4953,3.995,1.37054,1.207012,113.5482
B0033,24,152,49.6567,3.995,1.355704,1.207012,112.319
B0033,24,153,49.8182,3.995,1.357839,1.207012,112.4959
B0033,24,154,49.9795,3.995,1.360908,1.207012,112.7502
B0033,24,155,50.1407,3.995,1.349563,1.207012,111.8102
B0033,24,156,58.8266,3.996,1.188888,1.207012,98.4984
B0033,24,157,59.0388,3.996,1.504149,1.207012,124.6176
B0033,24,158,59.2004,3.995,1.489909,1.207012,123.4378
B0033,24,159,59.363,3.995,1.47533,1.207012,122.2299
B0033,24,160,59.5255,3.995,1.459831,1.207012,120.9458
B0033,24,161,59.6879,3.995,1.447417,1.207012,119.9174
B0033,24,162,59.9002,3.996,1.467632,1.207012,121.5922
B0033,24,163,60.0605,3.996,1.441552,1.207012,119.4315
B0033,24,164,60.2229,3.995,1.418393,1.207012,117.5127
B0033,24,165,60.385,3.995,1.403182,1.207012,116.2526
B0033,24,166,60.547,3.995,1.39111,1.207012,115.2524
B0033,24,167,60.7588,3.996,1.408602,1.207012,116.7016
B0033,24,168,60.9208,3.996,1.413771,1.207012,117.1298
B0033,24,169,61.0828,3.996,1.412472,1.207012,117.0222
B0033,24,170,61.2448,3.995,1.38319,1.207012,114.5962
B0033,24,171,61.4066,3.995,1.36461,1.207012,113.0568
B0033,24,172,61.6182,3.995,1.369751,1.207012,113.4828
B0033,24,173,61.7798,3.996,1.386795,1.207012,114.8948
B0033,24,174,61.94,3.996,1.391862,1.207012,115.3146
B0033,24,175,62.1002,3.995,1.377162,1.207012,114.0968
B0033,24,176,62.2619,3.995,1.359953,1.207012,112.671
B0033,24,177,63.0286,3.996,1.379779,1.207012,114.3136
B0033,24,178,63.2404,3.995,1.363137,1.207012,112.9349
B0033,24,179,63.402,3.995,1.36523,1.207012,113.1082
B0033,24,180,63.5634,3.995,1.349862,1.207012,111.835
B0033,24,181,63.7248,3.995,1.35295,1.207012,112.0909
B0033,24,182,63.886,3.995,1.353574,1.207012,112.1425
B0033,24,183,64.0971,3.995,1.343223,1.207012,111.2849
B0033,24,184,64.2584,3.995,1.341208,1.207012,111.118
B0033,24,185,64.4195,3.995,1.327739,1.207012,110.0021
B0033,24,186,64.5806,3.995,1.329779,1.207012,110.1711
B0033,24,187,64.7416,3.995,1.335605,1.207012,110.6538
B0033,24,188,64.9525,3.995,1.317749,1.207012,109.1745
B0033,24,189,65.1134,3.995,1.317605,1.207012,109.1626
B0033,24,190,65.2741,3.995,1.318528,1.207012,109.239
B0033,24,191,65.4347,3.995,1.32154,1.207012,109.4885
B0033,24,192,65.5952,3.995,1.304662,1.207012,108.0902
B0033,24,193,65.8057,3.996,1.328032,1.207012,110.0264
B0033,24,194,65.9668,3.996,1.363455,1.207012,112.9612
B0033,24,195,66.1277,3.996,1.329132,1.207012,110.1175
B0033,24,196,66.2884,3.995,1.31242,1.207012,108.733
B0033,24,197,66.4487,3.995,1.315283,1.207012,108.9701
B0034,24,1,0.0,4.0,0.74593,1.620729,46.0244
B0034,24,2,0.1976,4.0,1.662322,1.620729,102.5663
B0034,24,3,0.3621,4.0,1.645087,1.620729,101.5029
B0034,24,4,0.5259,4.0,1.620729,1.620729,100.0
B0034,24,5,0.6891,4.0,1.59674,1.620729,98.5199
B0034,24,6,0.8535,4.0,1.48565,1.620729,91.6655
B0034,24,7,1.0674,4.0,1.48667,1.620729,91.7285
B0034,24,8,1.2316,4.0,1.470133,1.620729,90.7081
B0034,24,9,1.3959,4.0,1.456504,1.620729,89.8672
B0034,24,10,1.5601,4.0,1.441896,1.620729,88.9659
B0034,24,11,1.7243,4.0,1.437095,1.620729,88.6696
B0034,24,12,1.9381,4.0,1.44587,1.620729,89.2111
B0034,24,13,2.1022,4.0,1.432104,1.620729,88.3617
B0034,24,14,2.2663,4.0,1.426721,1.620729,88.0295
B0034,24,15,2.4303,4.0,1.423085,1.620729,87.8052
B0034,24,16,2.5943,4.0,1.440948,1.620729,88.9074
B0034,24,17,2.808,4.001,1.486902,1.620729,91.7427
B0034,24,18,2.9722,4.001,1.524531,1.620729,94.0645
B0034,24,19,3.1365,4.001,1.462905,1.620729,90.2621
B0034,24,20,3.3005,4.0,1.423079,1.620729,87.8049
B0034,24,21,3.4644,4.0,1.405104,1.620729,86.6958
B0034,24,22,6.9245,4.0,1.632946,1.620729,100.7538
B0034,24,23,7.1348,4.0,1.568714,1.620729,96.7906
B0034,24,24,7.2988,4.0,1.514952,1.620729,93.4735
B0034,24,25,7.4632,4.0,1.485518,1.620729,91.6574
B0034,24,26,7.6275,4.0,1.480772,1.620729,91.3645
B0034,24,27,7.7917,4.0,1.484026,1.620729,91.5653
B0034,24,28,8.0055,4.001,1.492215,1.620729,92.0706
B0034,24,29,8.1695,4.001,1.473313,1.620729,90.9043
B0034,24,30,8.3335,4.0,1.441593,1.620729,88.9472
B0034,24,31,8.4976,4.0,1.422587,1.620729,87.7745
B0034,24,32,8.6615,4.0,1.426649,1.620729,88.0251
B0034,24,33,8.875,4.001,1.459678,1.620729,90.063
B0034,24,34,9.0383,4.0,1.439616,1.620729,88.8252
B0034,24,35,9.2012,4.0,1.419551,1.620729,87.5872
B0034,24,36,9.3649,4.0,1.41181,1.620729,87.1096
B0034,24,37,9.5284,4.0,1.40442,1.620729,86.6536
B0034,24,38,9.7418,4.001,1.473506,1.620729,90.9162
B0034,24,39,9.9039,4.001,1.492659,1.620729,92.098
B0034,24,40,10.0643,4.001,1.482026,1.620729,91.4419
B0034,24,41,10.2267,4.0,1.423575,1.620729,87.8355
B0034,24,42,10.3878,4.0,1.403825,1.620729,86.6169
B0034,24,43,11.748,4.001,1.536317,1.620729,94.7917
B0034,24,44,11.9584,4.001,1.544037,1.620729,95.268
B0034,24,45,12.1193,4.001,1.507892,1.620729,93.0379
B0034,24,46,24.9559,4.001,1.820306,1.620729,112.314
B0034,24,47,25.1705,4.001,1.593658,1.620729,98.3297
B0034,24,48,25.3319,4.0,1.53307,1.620729,94.5914
B0034,24,49,25.4936,4.0,1.486214,1.620729,91.7003
B0034,24,50,25.6574,4.001,1.502932,1.620729,92.7318
B0034,24,51,25.8191,4.001,1.520219,1.620729,93.7984
B0034,24,52,26.0296,4.001,1.511819,1.620729,93.2802
B0034,24,53,26.1906,4.0,1.464601,1.620729,90.3668
B0034,24,54,26.3519,4.0,1.454614,1.620729,89.7506
B0034,24,55,26.5134,4.0,1.43334,1.620729,88.438
B0034,24,56,26.6743,4.001,1.449326,1.620729,89.4243
B0034,24,57,26.8873,4.001,1.4952,1.620729,92.2548
B0034,24,58,27.0471,4.001,1.472059,1.620729,90.827
B0034,24,59,27.2085,4.0,1.409738,1.620729,86.9817
B0034,24,60,27.3697,4.0,1.386194,1.620729,85.5291
B0034,24,61,27.5307,4.0,1.362413,1.620729,84.0617
B0034,24,62,27.7434,4.001,1.447138,1.620729,89.2893
B0034,24,63,27.904,4.001,1.455448,1.620729,89.8021
B0034,24,64,28.0632,4.001,1.442395,1.620729,88.9967
B0034,24,65,28.2238,4.0,1.377542,1.620729,84.9952
B0034,24,66,28.3848,4.0,1.353994,1.620729,83.5422
B0034,24,67,33.7132,4.001,1.550904,1.620729,95.6917
B0034,24,68,33.924,4.001,1.556293,1.620729,96.0243
B0034,24,69,34.0841,4.001,1.506753,1.620729,92.9676
B0034,24,70,34.2451,4.0,1.444139,1.620729,89.1043
B0034,24,71,34.406,4.0,1.41441,1.620729,87.27
B0034,24,72,34.5673,4.0,1.389757,1.620729,85.7489
B0034,24,73,34.7798,4.001,1.449968,1.620729,89.4639
B0034,24,74,34.936,4.001,1.467865,1.620729,90.5682
B0034,24,75,35.0955,4.001,1.429064,1.620729,88.1742
B0034,24,76,35.2568,4.0,1.376745,1.620729,84.946
B0034,24,77,35.4179,4.0,1.351581,1.620729,83.3934
B0034,24,78,35.6309,4.0,1.353993,1.620729,83.5422
B0034,24,79,35.7927,4.0,1.357717,1.620729,83.7719
B0034,24,80,35.9547,4.0,1.334169,1.620729,82.3191
B0034,24,81,36.1171,4.0,1.337215,1.620729,82.507
B0034,24,82,36.2798,4.0,1.339045,1.620729,82.6199
B0034,24,83,36.4923,4.0,1.343924,1.620729,82.921
B0034,24,84,36.6551,4.0,1.345479,1.620729,83.0169
B0034,24,85,36.8177,4.0,1.348226,1.620729,83.1864
B0034,24,86,36.9802,4.0,1.337319,1.620729,82.5134
B0034,24,87,37.1427,4.0,1.340252,1.620729,82.6944
B0034,24,88,37.3554,4.0,1.329097,1.620729,82.0061
B0034,24,89,37.5177,4.0,1.332349,1.620729,82.2067
B0034,24,90,37.6798,4.0,1.350154,1.620729,83.3053
B0034,24,91,37.8413,4.001,1.381523,1.620729,85.2409
B0034,24,92,38.0022,4.001,1.383597,1.620729,85.3688
B0034,24,93,38.2151,4.0,1.330116,1.620729,82.069
B0034,24,94,38.3772,4.0,1.317698,1.620729,81.3028
B0034,24,95,38.5399,4.0,1.306366,1.620729,80.6036
B0034,24,96,38.7025,4.001,1.338157,1.620729,82.5651
B0034,24,97,38.865,4.001,1.356326,1.620729,83.6861
B0034,24,98,39.0772,4.001,1.3649,1.620729,84.2152
B0034,24,99,39.239,4.0,1.333764,1.620729,82.2941
B0034,24,100,39.4015,4.0,1.306012,1.620729,80.5818
B0034,24,101,39.564,4.0,1.310187,1.620729,80.8393
B0034,24,102,39.7265,4.001,1.356767,1.620729,83.7134
B0034,24,103,39.9391,4.001,1.391686,1.620729,85.8679
B0034,24,104,40.0992,4.001,1.362994,1.620729,84.0975
B0034,24,105,40.2611,4.0,1.321171,1.620729,81.5171
B0034,24,106,40.4236,4.0,1.307487,1.620729,80.6728
B0034,24,107,40.5862,4.0,1.310588,1.620729,80.8641
B0034,24,108,40.7985,4.001,1.376313,1.620729,84.9193
B0034,24,109,40.9589,4.001,1.391765,1.620729,85.8728
B0034,24,110,41.1191,4.001,1.364975,1.620729,84.2198
B0034,24,111,41.2811,4.0,1.321909,1.620729,81.5626
B0034,24,112,41.4432,4.0,1.309003,1.620729,80.7663
B0034,24,113,41.6553,4.001,1.332701,1.620729,82.2284
B0034,24,114,41.9331,4.001,1.742398,1.620729,107.507
B0034,24,115,42.1561,4.001,1.377348,1.620729,84.9832
B0034,24,116,42.3169,4.0,1.34876,1.620729,83.2193
B0034,24,117,42.4781,4.0,1.35015,1.620729,83.3051
B0034,24,118,42.6405,4.0,1.338781,1.620729,82.6036
B0034,24,119,42.8023,4.0,1.325337,1.620729,81.7741
B0034,24,120,43.0143,4.0,1.330816,1.620729,82.1122
B0034,24,121,43.1752,4.0,1.333083,1.620729,82.2521
B0034,24,122,43.3369,4.0,1.333323,1.620729,82.2668
B0034,24,123,43.499,4.0,1.326428,1.620729,81.8414
B0034,24,124,43.6611,4.0,1.323971,1.620729,81.6898
B0034,24,125,43.873,4.0,1.324936,1.620729,81.7494
B0034,24,126,44.0352,4.0,1.328307,1.620729,81.9573
B0034,24,127,44.1972,4.0,1.314584,1.620729,81.1107
B0034,24,128,44.3591,4.0,1.316684,1.620729,81.2402
B0034,24,129,44.5211,4.0,1.304173,1.620729,80.4683
B0034,24,130,44.7328,4.001,1.353445,1.620729,83.5084
B0034,24,131,44.893,4.001,1.371294,1.620729,84.6097
B0034,24,132,45.0554,4.001,1.357699,1.620729,83.7709
B0034,24,133,45.2177,4.0,1.32869,1.620729,81.981
B0034,24,134,45.3796,4.0,1.314394,1.620729,81.0989
B0034,24,135,46.7289,4.0,1.386678,1.620729,85.5589
B0034,24,136,46.9409,4.001,1.386833,1.620729,85.5685
B0034,24,137,47.1018,4.0,1.354804,1.620729,83.5922
B0034,24,138,47.2643,4.0,1.325579,1.620729,81.789
B0034,24,139,47.4264,4.0,1.311973,1.620729,80.9495
B0034,24,140,47.5865,4.0,1.306449,1.620729,80.6087
B0034,24,141,47.7965,4.001,1.341843,1.620729,82.7926
B0034,24,142,47.955,4.001,1.360921,1.620729,83.9697
B0034,24,143,48.113,4.001,1.32996,1.620729,82.0594
B0034,24,144,48.2717,4.0,1.299069,1.620729,80.1534
B0034,24,145,48.432,4.0,1.298454,1.620729,80.1154
B0034,24,146,48.6433,4.0,1.317649,1.620729,81.2997
B0034,24,147,48.8015,4.001,1.336065,1.620729,82.436
B0034,24,148,48.9601,4.001,1.36358,1.620729,84.1337
B0034,24,149,49.1222,4.001,1.333311,1.620729,82.2661
B0034,24,150,49.2839,4.0,1.302327,1.620729,80.3544
B0034,24,151,49.4953,4.0,1.288873,1.620729,79.5243
B0034,24,152,49.6567,4.0,1.290275,1.620729,79.6107
B0034,24,153,49.8182,4.0,1.292408,1.620729,79.7423
B0034,24,154,49.9795,4.0,1.295409,1.620729,79.9275
B0034,24,155,50.1407,4.0,1.28323,1.620729,79.1761
B0034,24,156,58.8266,4.001,1.455745,1.620729,89.8204
B0034,24,157,59.0388,4.001,1.454676,1.620729,89.7544
B0034,24,158,59.2004,4.001,1.423428,1.620729,87.8264
B0034,24,159,59.363,4.001,1.392551,1.620729,85.9213
B0034,24,160,59.5255,4.0,1.376573,1.620729,84.9354
B0034,24,161,59.6879,4.001,1.381019,1.620729,85.2097
B0034,24,162,59.9002,4.001,1.400757,1.620729,86.4276
B0034,24,163,60.0605,4.001,1.374645,1.620729,84.8165
B0034,24,164,60.2229,4.001,1.334592,1.620729,82.3452
B0034,24,165,60.385,4.001,1.336397,1.620729,82.4565
B0034,24,166,60.547,4.001,1.306915,1.620729,80.6375
B0034,24,167,60.7588,4.001,1.341539,1.620729,82.7738
B0034,24,168,60.9208,4.001,1.346389,1.620729,83.073
B0034,24,169,61.0828,4.001,1.34499,1.620729,82.9867
B0034,24,170,61.2448,4.001,1.315876,1.620729,81.1904
B0034,24,171,61.4066,4.0,1.297277,1.620729,80.0428
B0034,24,172,61.6182,4.0,1.285126,1.620729,79.293
B0034,24,173,61.7798,4.001,1.319021,1.620729,81.3844
B0034,24,174,61.94,4.001,1.34101,1.620729,82.7411
B0034,24,175,62.1002,4.001,1.326127,1.620729,81.8229
B0034,24,176,62.2619,4.001,1.309144,1.620729,80.775
B0034,24,177,63.0286,4.001,1.363001,1.620729,84.098
B0034,24,178,63.2404,4.001,1.329286,1.620729,82.0178
B0034,24,179,63.402,4.0,1.296909,1.620729,80.0201
B0034,24,180,63.5634,4.0,1.298629,1.620729,80.1262
B0034,24,181,63.7248,4.0,1.284066,1.620729,79.2277
B0034,24,182,63.886,4.0,1.302102,1.620729,80.3405
B0034,24,183,64.0971,4.0,1.308908,1.620729,80.7604
B0034,24,184,64.2584,4.0,1.272252,1.620729,78.4987
B0034,24,185,64.4195,4.0,1.276012,1.620729,78.7307
B0034,24,186,64.5806,4.0,1.260505,1.620729,77.774
B0034,24,187,64.7416,4.0,1.266068,1.620729,78.1172
B0034,24,188,64.9525,4.0,1.265829,1.620729,78.1024
B0034,24,189,65.1134,4.0,1.265587,1.620729,78.0875
B0034,24,190,65.2741,4.0,1.26636,1.620729,78.1352
B0034,24,191,65.4347,4.0,1.286848,1.620729,79.3993
B0034,24,192,65.5952,4.0,1.270026,1.620729,78.3614
B0034,24,193,65.8057,4.001,1.345983,1.620729,83.048
B0034,24,194,65.9668,4.001,1.328688,1.620729,81.9808
B0034,24,195,66.1277,4.001,1.312031,1.620729,80.9531
B0034,24,196,66.2884,4.001,1.295125,1.620729,79.91
B0034,24,197,66.4487,4.001,1.28026,1.620729,78.9928
B0036,24,1,0.0,1.999,1.001983,1.801101,55.6317
B0036,24,2,0.1976,1.999,1.801101,1.801101,100.0
B0036,24,3,0.3621,1.999,1.804423,1.801101,100.1845
B0036,24,4,0.5259,1.999,1.804389,1.801101,100.1826
B0036,24,5,0.6891,1.999,1.798925,1.801101,99.8792
B0036,24,6,0.8535,1.999,1.792997,1.801101,99.55
B0036,24,7,1.0674,1.999,1.788551,1.801101,99.3032
B0036,24,8,1.2316,1.999,1.789086,1.801101,99.3329
B0036,24,9,1.3959,1.999,1.789314,1.801101,99.3456
B0036,24,10,1.5601,1.999,1.786076,1.801101,99.1658
B0036,24,11,1.7243,1.999,1.783632,1.801101,99.0301
B0036,24,12,1.9381,1.999,1.782973,1.801101,98.9935
B0036,24,13,2.1022,1.999,1.781378,1.801101,98.9049
B0036,24,14,2.2663,1.999,1.778536,1.801101,98.7472
B0036,24,15,2.4303,1.999,1.775904,1.801101,98.6011
B0036,24,16,2.5943,1.999,1.778043,1.801101,98.7198
B0036,24,17,2.808,1.999,1.783003,1.801101,98.9952
B0036,24,18,2.9722,1.999,1.7883,1.801101,99.2893
B0036,24,19,3.1365,1.999,1.779295,1.801101,98.7893
B0036,24,20,3.3005,1.999,1.770924,1.801101,98.3245
B0036,24,21,3.4644,1.999,1.765905,1.801101,98.0459
B0036,24,22,6.9245,1.999,1.782693,1.801101,98.978
B0036,24,23,7.1348,1.999,1.796466,1.801101,99.7427
B0036,24,24,7.2988,1.999,1.790908,1.801101,99.4341
B0036,24,25,7.4632,1.999,1.78518,1.801101,99.1161
B0036,24,26,7.6275,1.999,1.781134,1.801101,98.8914
B0036,24,27,7.7917,1.999,1.775558,1.801101,98.5818
B0036,24,28,8.0055,1.999,1.776886,1.801101,98.6556
B0036,24,29,8.1695,1.999,1.771308,1.801101,98.3459
B0036,24,30,8.3335,1.999,1.771335,1.801101,98.3474
B0036,24,31,8.4976,1.999,1.766084,1.801101,98.0558
B0036,24,32,8.6615,1.999,1.759279,1.801101,97.678
B0036,24,33,8.875,1.999,1.761037,1.801101,97.7756
B0036,24,34,9.0383,1.999,1.760243,1.801101,97.7315
B0036,24,35,9.2012,1.999,1.75559,1.801101,97.4732
B0036,24,36,9.3649,1.999,1.75456,1.801101,97.416
B0036,24,37,9.5284,1.999,1.749911,1.801101,97.1579
B0036,24,38,9.7418,1.999,1.761023,1.801101,97.7748
B0036,24,39,9.9039,1.999,1.762409,1.801101,97.8518
B0036,24,40,10.0643,1.999,1.753617,1.801101,97.3636
B0036,24,41,10.2267,1.999,1.746204,1.801101,96.9521
B0036,24,42,10.3878,1.999,1.740618,1.801101,96.6419
B0036,24,43,11.748,1.999,1.75069,1.801101,97.2011
B0036,24,44,11.9584,1.999,1.765112,1.801101,98.0018
B0036,24,45,12.1193,1.999,1.763189,1.801101,97.8951
B0036,24,46,24.9559,1.999,1.985493,1.801101,110.2378
B0036,24,47,25.1705,1.999,1.765356,1.801101,98.0154
B0036,24,48,25.3319,1.999,1.757188,1.801101,97.5619
B0036,24,49,25.4936,1.999,1.757377,1.801101,97.5724
B0036,24,50,25.6574,1.999,1.761738,1.801101,97.8145
B0036,24,51,25.8191,1.999,1.760689,1.801101,97.7563
B0036,24,52,26.0296,1.999,1.76067,1.801101,97.7552
B0036,24,53,26.1906,1.999,1.752964,1.801101,97.3274
B0036,24,54,26.3519,1.999,1.750536,1.801101,97.1925
B0036,24,55,26.5134,1.999,1.750076,1.801101,97.167
B0036,24,56,26.6743,1.999,1.746596,1.801101,96.9738
B0036,24,57,26.8873,1.999,1.753614,1.801101,97.3635
B0036,24,58,27.0471,1.999,1.750725,1.801101,97.2031
B0036,24,59,27.2085,1.999,1.743305,1.801101,96.7911
B0036,24,60,27.3697,1.999,1.733663,1.801101,96.2557
B0036,24,61,27.5307,1.999,1.731921,1.801101,96.159
B0036,24,62,27.7434,1.999,1.74286,1.801101,96.7664
B0036,24,63,27.904,1.999,1.743307,1.801101,96.7912
B0036,24,64,28.0632,1.999,1.738525,1.801101,96.5257
B0036,24,65,28.2238,1.999,1.729562,1.801101,96.0281
B0036,24,66,28.3848,1.999,1.727304,1.801101,95.9027
B0036,24,67,33.7132,1.999,1.744937,1.801101,96.8817
B0036,24,68,33.924,1.999,1.764243,1.801101,97.9536
B0036,24,69,34.0841,1.999,1.750488,1.801101,97.1899
B0036,24,70,34.2451,1.999,1.744271,1.801101,96.8447
B0036,24,71,34.406,1.999,1.736541,1.801101,96.4156
B0036,24,72,34.5673,1.9988,1.733223,1.801101,96.2313
B0036,24,73,34.7798,1.999,1.738606,1.801101,96.5302
B0036,24,74,34.936,1.999,1.743213,1.801101,96.786
B0036,24,75,35.0955,1.999,1.73327,1.801101,96.2339
B0036,24,76,35.2568,1.999,1.729891,1.801101,96.0463
B0036,24,77,35.4179,1.999,1.72044,1.801101,95.5216
B0036,24,78,35.6309,1.999,1.724421,1.801101,95.7426
B0036,24,79,35.7927,1.999,1.721487,1.801101,95.5797
B0036,24,80,35.9547,1.999,1.719745,1.801101,95.483
B0036,24,81,36.1171,1.999,1.71643,1.801101,95.299
B0036,24,82,36.2798,1.999,1.711203,1.801101,95.0087
B0036,24,83,36.4923,1.999,1.710234,1.801101,94.955
B0036,24,84,36.6551,1.9988,1.713097,1.801101,95.1139
B0036,24,85,36.8177,1.999,1.710371,1.801101,94.9625
B0036,24,86,36.9802,1.999,1.706462,1.801101,94.7455
B0036,24,87,37.1427,1.999,1.702943,1.801101,94.5501
B0036,24,88,37.3554,1.999,1.707261,1.801101,94.7899
B0036,24,89,37.5177,1.9988,1.703864,1.801101,94.6012
B0036,24,90,37.6798,1.999,1.707962,1.801101,94.8288
B0036,24,91,37.8413,1.999,1.711302,1.801101,95.0142
B0036,24,92,38.0022,1.999,1.714122,1.801101,95.1708
B0036,24,93,38.2151,1.999,1.705332,1.801101,94.6828
B0036,24,94,38.3772,1.9988,1.693461,1.801101,94.0237
B0036,24,95,38.5399,1.9988,1.690524,1.801101,93.8606
B0036,24,96,38.7025,1.999,1.700777,1.801101,94.4299
B0036,24,97,38.865,1.999,1.69711,1.801101,94.2263
B0036,24,98,39.0772,1.999,1.699792,1.801101,94.3752
B0036,24,99,39.239,1.9988,1.69127,1.801101,93.902
B0036,24,100,39.4015,1.9988,1.685713,1.801101,93.5935
B0036,24,101,39.564,1.9988,1.683209,1.801101,93.4545
B0036,24,102,39.7265,1.999,1.692886,1.801101,93.9918
B0036,24,103,39.9391,1.999,1.698467,1.801101,94.3016
B0036,24,104,40.0992,1.999,1.693581,1.801101,94.0303
B0036,24,105,40.2611,1.9988,1.683095,1.801101,93.4481
B0036,24,106,40.4236,1.9988,1.685046,1.801101,93.5565
B0036,24,107,40.5862,1.9988,1.68031,1.801101,93.2935
B0036,24,108,40.7985,1.999,1.694404,1.801101,94.076
B0036,24,109,40.9589,1.999,1.695569,1.801101,94.1407
B0036,24,110,41.1191,1.999,1.684185,1.801101,93.5087
B0036,24,111,41.2811,1.999,1.672218,1.801101,92.8442
B0036,24,112,41.4432,1.999,1.667598,1.801101,92.5877
B0036,24,113,41.6553,1.999,1.678187,1.801101,93.1757
B0036,24,114,41.9331,1.999,2.444062,1.801101,135.6983
B0036,24,115,42.1561,1.999,1.69134,1.801101,93.9059
B0036,24,116,42.3169,1.9988,1.680279,1.801101,93.2918
B0036,24,117,42.4781,1.9988,1.673147,1.801101,92.8958
B0036,24,118,42.6405,1.9988,1.670429,1.801101,92.7449
B0036,24,119,42.8023,1.9988,1.66599,1.801101,92.4985
B0036,24,120,43.0143,1.9988,1.664242,1.801101,92.4014
B0036,24,121,43.1752,1.9988,1.666845,1.801101,92.5459
B0036,24,122,43.3369,1.9988,1.65945,1.801101,92.1353
B0036,24,123,43.499,1.9988,1.662413,1.801101,92.2998
B0036,24,124,43.6611,1.9988,1.660353,1.801101,92.1854
B0036,24,125,43.873,1.9988,1.661023,1.801101,92.2227
B0036,24,126,44.0352,1.9988,1.657519,1.801101,92.0281
B0036,24,127,44.1972,1.9988,1.650788,1.801101,91.6544
B0036,24,128,44.3591,1.9988,1.653257,1.801101,91.7915
B0036,24,129,44.5211,1.9988,1.649421,1.801101,91.5785
B0036,24,130,44.7328,1.999,1.667859,1.801101,92.6022
B0036,24,131,44.893,1.999,1.670863,1.801101,92.769
B0036,24,132,45.0554,1.999,1.665812,1.801101,92.4885
B0036,24,133,45.2177,1.9988,1.6533,1.801101,91.7939
B0036,24,134,45.3796,1.9988,1.646879,1.801101,91.4373
B0036,24,135,46.7289,1.9988,1.671895,1.801101,92.8263
B0036,24,136,46.9409,1.999,1.680774,1.801101,93.3193
B0036,24,137,47.1018,1.9988,1.673772,1.801101,92.9305
B0036,24,138,47.2643,1.9988,1.660577,1.801101,92.1979
B0036,24,139,47.4264,1.9988,1.655988,1.801101,91.9431
B0036,24,140,47.5865,1.9988,1.646862,1.801101,91.4364
B0036,24,141,47.7965,1.999,1.657462,1.801101,92.025
B0036,24,142,47.955,1.999,1.660399,1.801101,92.188
B0036,24,143,48.113,1.9988,1.646079,1.801101,91.3929
B0036,24,144,48.2717,1.9988,1.640837,1.801101,91.1019
B0036,24,145,48.432,1.9988,1.634441,1.801101,90.7468
B0036,24,146,48.6433,1.9988,1.637404,1.801101,90.9113
B0036,24,147,48.8015,1.9989,1.647382,1.801101,91.4653
B0036,24,148,48.9601,1.999,1.654565,1.801101,91.8641
B0036,24,149,49.1222,1.9988,1.640897,1.801101,91.1052
B0036,24,150,49.2839,1.9988,1.626523,1.801101,90.3072
B0036,24,151,49.4953,1.9988,1.621735,1.801101,90.0413
B0036,24,152,49.6567,1.9988,1.62482,1.801101,90.2126
B0036,24,153,49.8182,1.9988,1.618801,1.801101,89.8784
B0036,24,154,49.9795,1.9988,1.613735,1.801101,89.5972
B0036,24,155,50.1407,1.9988,1.612013,1.801101,89.5015
B0036,24,156,58.8266,1.9988,1.667103,1.801101,92.5602
B0036,24,157,59.0388,1.9988,1.685013,1.801101,93.5546
B0036,24,158,59.2004,1.9988,1.678665,1.801101,93.2022
B0036,24,159,59.363,1.9988,1.672976,1.801101,92.8863
B0036,24,160,59.5255,1.9988,1.666489,1.801101,92.5261
B0036,24,161,59.6879,1.9988,1.669842,1.801101,92.7123
B0036,24,162,59.9002,1.9988,1.674674,1.801101,92.9806
B0036,24,163,60.0605,1.9988,1.666505,1.801101,92.527
B0036,24,164,60.2229,1.9988,1.652222,1.801101,91.734
B0036,24,165,60.385,1.9988,1.646272,1.801101,91.4036
B0036,24,166,60.547,1.9988,1.642399,1.801101,91.1886
B0036,24,167,60.7588,1.9988,1.651179,1.801101,91.6761
B0036,24,168,60.9208,1.9988,1.648168,1.801101,91.5089
B0036,24,169,61.0828,1.9988,1.647889,1.801101,91.4934
B0036,24,170,61.2448,1.9988,1.635844,1.801101,90.8247
B0036,24,171,61.4066,1.9988,1.633236,1.801101,90.6799
B0036,24,172,61.6182,1.9988,1.629926,1.801101,90.4961
B0036,24,173,61.7798,1.9988,1.638786,1.801101,90.988
B0036,24,174,61.94,1.9988,1.635965,1.801101,90.8314
B0036,24,175,62.1002,1.9988,1.631137,1.801101,90.5633
B0036,24,176,62.2619,1.9988,1.622019,1.801101,90.0571
B0036,24,177,63.0286,1.9988,1.641604,1.801101,91.1445
B0036,24,178,63.2404,1.9988,1.625309,1.801101,90.2398
B0036,24,179,63.402,1.9988,1.619613,1.801101,89.9235
B0036,24,180,63.5634,1.9988,1.612424,1.801101,89.5243
B0036,24,181,63.7248,1.9988,1.60777,1.801101,89.266
B0036,24,182,63.886,1.9988,1.608808,1.801101,89.3236
B0036,24,183,64.0971,1.9988,1.608356,1.801101,89.2985
B0036,24,184,64.2584,1.9988,1.60682,1.801101,89.2132
B0036,24,185,64.4195,1.9988,1.601771,1.801101,88.9329
B0036,24,186,64.5806,1.9988,1.594912,1.801101,88.5521
B0036,24,187,64.7416,1.9988,1.593814,1.801101,88.4911
B0036,24,188,64.9525,1.9988,1.592027,1.801101,88.3919
B0036,24,189,65.1134,1.9988,1.584736,1.801101,87.9871
B0036,24,190,65.2741,1.9988,1.576343,1.801101,87.5211
B0036,24,191,65.4347,1.9988,1.572023,1.801101,87.2812
B0036,24,192,65.5952,1.9988,1.572987,1.801101,87.3348
B0036,24,193,65.8057,1.9988,1.596985,1.801101,88.6672
B0036,24,194,65.9668,1.9988,1.595726,1.801101,88.5973
B0036,24,195,66.1277,1.9988,1.5795,1.801101,87.6964
B0036,24,196,66.2884,1.9988,1.562947,1.801101,86.7773
B0036,24,197,66.4487,1.9988,1.559113,1.801101,86.5644
B0038,24,1,0.0,4.001,0.898057,1.061325,84.6166
B0038,24,2,0.1851,4.001,1.102624,1.061325,103.8912
B0038,24,3,0.3291,4.001,1.08858,1.061325,102.568
B0038,24,4,0.4729,4.001,1.061325,1.061325,100.0
B0038,24,5,0.6167,4.001,1.034706,1.061325,97.4919
B0038,24,6,0.7603,4.001,1.026998,1.061325,96.7656
B0038,24,7,1.8134,4.001,1.078502,1.061325,101.6184
B0038,24,8,2.0034,4.001,1.06389,1.061325,100.2417
B0038,24,9,2.1468,4.001,1.036655,1.061325,97.6756
B0038,24,10,2.29,4.001,1.030941,1.061325,97.1372
B0038,24,11,2.433,4.001,1.014008,1.061325,95.5417
B0038,24,12,2.5758,4.001,1.008516,1.061325,95.0242
B0038,24,13,6.8806,0.9988,1.741925,1.061325,164.1273
B0038,24,14,7.115,0.9986,1.779742,1.061325,167.6906
B0038,24,15,7.301,0.9986,1.781567,1.061325,167.8625
B0038,24,16,7.4909,0.9986,1.783486,1.061325,168.0433
B0038,24,17,7.6775,0.9988,1.786441,1.061325,168.3218
B0038,24,18,7.8645,0.9988,1.786,1.061325,168.2802
B0038,24,19,9.0065,0.9988,1.776952,1.061325,167.4277
B0038,24,20,9.2412,0.9986,1.781429,1.061325,167.8495
B0038,24,21,9.4273,0.9986,1.785945,1.061325,168.2751
B0038,24,22,9.6138,0.9986,1.785208,1.061325,168.2056
B0038,24,23,9.8006,0.9986,1.783597,1.061325,168.0538
B0038,24,24,9.9868,0.9986,1.779678,1.061325,167.6846
B0038,24,25,10.2236,0.9986,1.78411,1.061325,168.1022
B0038,24,26,10.41,0.9986,1.783303,1.061325,168.0261
B0038,24,27,10.5964,0.9986,1.779619,1.061325,167.679
B0038,24,28,10.7829,0.9986,1.781659,1.061325,167.8712
B0038,24,29,10.9699,0.9986,1.777591,1.061325,167.4879
B0038,24,30,11.2072,0.9986,1.777702,1.061325,167.4984
B0038,24,31,11.3998,0.9986,1.778955,1.061325,167.6164
B0038,24,32,11.5882,0.9986,1.780775,1.061325,167.7879
B0038,24,33,11.7758,0.9988,1.778415,1.061325,167.5656
B0038,24,34,11.9635,0.9988,1.778977,1.061325,167.6185
B0038,24,35,12.2025,0.9986,1.779248,1.061325,167.644
B0038,24,36,12.3903,0.9986,1.77792,1.061325,167.5189
B0038,24,37,12.5781,0.9986,1.779227,1.061325,167.6421
B0038,24,38,12.7667,0.9988,1.776063,1.061325,167.344
B0038,24,39,12.9582,0.9988,1.775104,1.061325,167.2536
B0038,24,40,13.8606,1.998,1.733064,1.061325,163.2925
B0038,24,41,14.0572,1.998,1.739489,1.061325,163.8979
B0038,24,42,14.2039,1.998,1.737806,1.061325,163.7393
B0038,24,43,14.3506,1.998,1.730028,1.061325,163.0064
B0038,24,44,14.497,1.998,1.72904,1.061325,162.9134
B0038,24,45,14.6441,1.998,1.728607,1.061325,162.8726
B0038,24,46,19.86,4.001,1.525739,1.061325,143.7579
B0038,24,47,20.0298,4.001,1.530148,1.061325,144.1733
B0040,24,1,0.0,4.001,0.673463,0.779587,86.3871
B0040,24,2,0.1851,4.0,0.791306,0.779587,101.5032
B0040,24,3,0.3291,4.0,0.786582,0.779587,100.8973
B0040,24,4,0.4729,4.0,0.779587,0.779587,100.0
B0040,24,5,0.6167,4.0,0.762824,0.779587,97.8498
B0040,24,6,0.7603,4.001,0.740502,0.779587,94.9865
B0040,24,7,1.8134,4.001,0.778397,0.779587,99.8473
B0040,24,8,2.0034,4.001,0.773317,0.779587,99.1957
B0040,24,9,2.1468,4.0,0.758958,0.779587,97.3538
B0040,24,10,2.29,4.0,0.74074,0.779587,95.017
B0040,24,11,2.433,4.0,0.744622,0.779587,95.5149
B0040,24,12,2.5758,4.0,0.714988,0.779587,91.7136
B0040,24,13,6.8806,0.9992,1.707514,0.779587,219.028
B0040,24,14,7.115,0.9992,1.730881,0.779587,222.0253
B0040,24,15,7.301,0.9992,1.732821,0.779587,222.2742
B0040,24,16,7.4909,0.9992,1.731773,0.779587,222.1398
B0040,24,17,7.6775,0.9992,1.73413,0.779587,222.4421
B0040,24,18,7.8645,0.9992,1.733476,0.779587,222.3582
B0040,24,19,9.0065,0.9992,1.724306,0.779587,221.1819
B0040,24,20,9.2412,0.9992,1.731898,0.779587,222.1557
B0040,24,21,9.4273,0.9992,1.733369,0.779587,222.3445
B0040,24,22,9.6138,0.9992,1.732176,0.779587,222.1914
B0040,24,23,9.8006,0.9992,1.733483,0.779587,222.3591
B0040,24,24,9.9868,0.9992,1.732372,0.779587,222.2167
B0040,24,25,10.2236,0.9992,1.733818,0.779587,222.402
B0040,24,26,10.41,0.9992,1.732963,0.779587,222.2924
B0040,24,27,10.5964,0.9992,1.731884,0.779587,222.154
B0040,24,28,10.7829,0.9992,1.730696,0.779587,222.0016
B0040,24,29,10.9699,0.9992,1.729601,0.779587,221.8612
B0040,24,30,11.2072,0.9992,1.729619,0.779587,221.8634
B0040,24,31,11.3998,0.9992,1.73072,0.779587,222.0047
B0040,24,32,11.5882,0.9992,1.729275,0.779587,221.8193
B0040,24,33,11.7758,0.9992,1.729796,0.779587,221.8862
B0040,24,34,11.9635,0.9992,1.726894,0.779587,221.5139
B0040,24,35,12.2025,0.9992,1.727219,0.779587,221.5556
B0040,24,36,12.3903,0.9992,1.728567,0.779587,221.7286
B0040,24,37,12.5781,0.9992,1.726636,0.779587,221.4809
B0040,24,38,12.7667,0.9992,1.726242,0.779587,221.4303
B0040,24,39,12.9582,0.9992,1.725273,0.779587,221.3059
B0040,24,40,13.8606,1.9986,1.666803,0.779587,213.8058
B0040,24,41,14.0572,1.9986,1.666755,0.779587,213.7997
B0040,24,42,14.2039,1.9986,1.658327,0.779587,212.7187
B0040,24,43,14.3506,1.9986,1.650323,0.779587,211.6919
B0040,24,44,14.497,1.9986,1.649341,0.779587,211.5659
B0040,24,45,14.6441,1.9986,1.641919,0.779587,210.6139
B0040,24,47,20.0298,4.001,0.55699,0.779587,71.4468
B0042,22,1,0.0,1.998,1.728713,1.728235,100.0276
B0042,22,2,0.1656,1.998,1.731471,1.728235,100.1872
B0042,22,3,0.3304,1.998,1.728235,1.728235,100.0
B0042,22,4,0.4946,1.998,1.720345,1.728235,99.5434
B0042,22,5,0.6585,1.9982,1.722173,1.728235,99.6493
B0042,22,7,1.0257,1.998,1.70867,1.728235,98.8679
B0042,22,8,1.1886,1.998,1.703648,1.728235,98.5773
B0042,22,9,1.3512,1.998,1.695838,1.728235,98.1254
B0042,22,10,1.5137,1.998,1.694906,1.728235,98.0715
B0042,22,11,1.7257,1.998,1.687477,1.728235,97.6416
B0042,22,12,1.8881,1.998,1.685989,1.728235,97.5555
B0042,22,13,2.0503,1.998,1.678286,1.728235,97.1099
B0042,22,14,2.2125,1.998,1.673965,1.728235,96.8598
B0042,22,15,2.3744,1.998,1.672238,1.728235,96.7599
B0042,22,16,2.586,1.998,1.67599,1.728235,96.977
B0042,22,17,2.748,1.998,1.661825,1.728235,96.1573
B0042,22,18,2.9099,1.998,1.660671,1.728235,96.0906
B0042,22,19,3.0716,1.998,1.653064,1.728235,95.6504
B0042,22,20,3.2333,1.998,1.649954,1.728235,95.4705
B0042,22,21,3.7268,1.9982,1.681298,1.728235,97.2841
B0042,22,22,3.9387,1.9982,1.670052,1.728235,96.6334
B0042,22,23,4.1006,1.998,1.667182,1.728235,96.4673
B0042,22,24,4.2625,1.998,1.656887,1.728235,95.8716
B0042,22,25,4.4242,1.998,1.644982,1.728235,95.1828
B0042,22,26,4.5856,1.9982,1.639215,1.728235,94.8491
B0042,22,27,4.7966,1.9982,1.64106,1.728235,94.9558
B0042,22,28,4.9581,1.998,1.64327,1.728235,95.0837
B0042,22,29,5.1195,1.998,1.629867,1.728235,94.3082
B0042,22,30,5.2809,1.998,1.623854,1.728235,93.9602
B0042,22,31,5.4419,1.998,1.618631,1.728235,93.658
B0042,22,32,5.6526,1.9982,1.619342,1.728235,93.6992
B0042,22,33,5.8137,1.9982,1.614593,1.728235,93.4244
B0042,22,34,5.9747,1.9982,1.607204,1.728235,92.9968
B0042,22,35,6.1356,1.998,1.601266,1.728235,92.6533
B0042,22,36,6.2962,1.998,1.594041,1.728235,92.2352
B0042,22,37,6.5064,1.998,1.594689,1.728235,92.2727
B0042,22,38,6.667,1.9982,1.58821,1.728235,91.8978
B0042,22,39,6.8275,1.9982,1.587986,1.728235,91.8848
B0042,22,40,6.988,1.998,1.579917,1.728235,91.4179
B0042,22,41,7.1483,1.998,1.565595,1.728235,90.5892
B0042,22,88,21.9264,0.999,1.437734,1.728235,83.1909
B0042,22,89,22.1681,0.9988,1.524602,1.728235,88.2173
B0042,22,90,22.3612,0.9988,1.521527,1.728235,88.0394
B0042,22,91,22.5538,0.9988,1.515532,1.728235,87.6925
B0042,22,92,22.746,0.9988,1.504425,1.728235,87.0498
B0042,22,93,22.9376,0.9986,1.500151,1.728235,86.8025
B0042,22,94,23.1788,0.9988,1.489011,1.728235,86.1579
B0042,22,95,23.3698,0.9986,1.481015,1.728235,85.6952
B0042,22,96,23.5606,0.9988,1.476262,1.728235,85.4202
B0042,22,97,23.7511,0.9988,1.466255,1.728235,84.8412
B0042,22,98,23.9414,0.9988,1.459328,1.728235,84.4404
B0042,22,99,24.1812,0.9986,1.445704,1.728235,83.6521
B0042,22,100,24.3708,0.9988,1.440069,1.728235,83.326
B0042,22,101,24.5602,0.9988,1.429031,1.728235,82.6873
B0042,22,102,24.7491,0.999,1.414172,1.728235,81.8275
B0042,22,103,24.9376,0.999,1.415603,1.728235,81.9103
B0042,22,104,25.1757,0.9988,1.399441,1.728235,80.9752
B0042,22,105,25.3637,0.9988,1.395964,1.728235,80.7739
B0042,22,106,25.5513,0.9988,1.392978,1.728235,80.6012
B0042,22,107,25.7387,0.999,1.374077,1.728235,79.5075
B0042,22,108,25.9257,0.9988,1.375249,1.728235,79.5754
B0042,22,109,26.1622,0.9988,1.367197,1.728235,79.1094
B0042,22,110,26.3488,0.9988,1.356888,1.728235,78.5129
B0042,22,111,26.535,0.9988,1.344932,1.728235,77.8211
B0042,22,112,26.7209,0.999,1.337469,1.728235,77.3893
B0043,22,1,0.0,1.9994,1.713783,1.681491,101.9204
B0043,22,2,0.1656,1.9994,1.695568,1.681491,100.8372
B0043,22,3,0.3304,1.9994,1.681491,1.681491,100.0
B0043,22,4,0.4946,1.9994,1.678637,1.681491,99.8303
B0043,22,5,0.6585,1.9994,1.669417,1.681491,99.282
B0043,22,7,1.0257,1.9994,1.661194,1.681491,98.7929
B0043,22,8,1.1886,1.9994,1.650642,1.681491,98.1654
B0043,22,9,1.3512,1.9994,1.642427,1.681491,97.6769
B0043,22,10,1.5137,1.9994,1.635366,1.681491,97.2569
B0043,22,11,1.7257,1.9994,1.633233,1.681491,97.1301
B0043,22,12,1.8881,1.9992,1.625884,1.681491,96.693
B0043,22,13,2.0503,1.9994,1.617976,1.681491,96.2227
B0043,22,14,2.2125,1.9994,1.613665,1.681491,95.9664
B0043,22,15,2.3744,1.9992,1.605821,1.681491,95.4998
B0043,22,16,2.586,1.9992,1.603353,1.681491,95.3531
B0043,22,17,2.748,1.9992,1.595134,1.681491,94.8643
B0043,22,18,2.9099,1.9992,1.587814,1.681491,94.4289
B0043,22,19,3.0716,1.9992,1.58006,1.681491,93.9678
B0043,22,20,3.2333,1.9992,1.575565,1.681491,93.7005
B0043,22,21,3.7268,1.9994,1.595017,1.681491,94.8573
B0043,22,22,3.9387,1.9994,1.589808,1.681491,94.5475
B0043,22,23,4.1006,1.9992,1.580795,1.681491,94.0115
B0043,22,24,4.2625,1.9994,1.570433,1.681491,93.3953
B0043,22,25,4.4242,1.9994,1.564337,1.681491,93.0327
B0043,22,26,4.5856,1.9994,1.558307,1.681491,92.6741
B0043,22,27,4.7966,1.9994,1.553715,1.681491,92.401
B0043,22,28,4.9581,1.9994,1.549528,1.681491,92.1521
B0043,22,29,5.1195,1.9994,1.542443,1.681491,91.7307
B0043,22,30,5.2809,1.9994,1.542562,1.681491,91.7378
B0043,22,31,5.4419,1.9994,1.530936,1.681491,91.0463
B0043,22,32,5.6526,1.9994,1.524773,1.681491,90.6799
B0043,22,33,5.8137,1.9994,1.519674,1.681491,90.3766
B0043,22,34,5.9747,1.9994,1.51237,1.681491,89.9422
B0043,22,35,6.1356,1.9994,1.499914,1.681491,89.2015
B0043,22,36,6.2962,1.9994,1.492411,1.681491,88.7552
B0043,22,37,6.5064,1.9994,1.492625,1.681491,88.768
B0043,22,38,6.667,1.9994,1.492402,1.681491,88.7547
B0043,22,39,6.8275,1.9994,1.485302,1.681491,88.3325
B0043,22,40,6.988,1.9994,1.477208,1.681491,87.8511
B0043,22,41,7.1483,1.9994,1.469474,1.681491,87.3911
B0043,22,88,21.9264,1.0,1.525084,1.681491,90.6983
B0043,22,89,22.1681,1.0,1.552569,1.681491,92.3329
B0043,22,90,22.3612,1.0002,1.542775,1.681491,91.7505
B0043,22,91,22.5538,1.0,1.533193,1.681491,91.1806
B0043,22,92,22.746,1.0,1.515272,1.681491,90.1148
B0043,22,93,22.9376,1.0,1.507499,1.681491,89.6525
B0043,22,94,23.1788,1.0,1.489629,1.681491,88.5898
B0043,22,95,23.3698,1.0002,1.478078,1.681491,87.9028
B0043,22,96,23.5606,1.0,1.470004,1.681491,87.4226
B0043,22,97,23.7511,1.0002,1.456562,1.681491,86.6233
B0043,22,98,23.9414,1.0002,1.445977,1.681491,85.9938
B0043,22,99,24.1812,1.0002,1.432586,1.681491,85.1974
B0043,22,100,24.3708,1.0002,1.419734,1.681491,84.4331
B0043,22,101,24.5602,1.0,1.401263,1.681491,83.3345
B0043,22,102,24.7491,1.0,1.386295,1.681491,82.4444
B0043,22,103,24.9376,1.0,1.38413,1.681491,82.3157
B0043,22,104,25.1757,1.0,1.365174,1.681491,81.1883
B0043,22,105,25.3637,1.0002,1.361508,1.681491,80.9703
B0043,22,106,25.5513,1.0,1.351002,1.681491,80.3455
B0043,22,107,25.7387,1.0,1.328259,1.681491,78.9929
B0043,22,108,25.9257,1.0,1.325721,1.681491,78.842
B0043,22,109,26.1622,1.0,1.314291,1.681491,78.1623
B0043,22,110,26.3488,1.0,1.300326,1.681491,77.3317
B0043,22,111,26.535,1.0,1.288107,1.681491,76.6051
B0043,22,112,26.7209,1.0,1.27678,1.681491,75.9314
B0044,22,1,0.0,1.9986,1.686526,1.653401,102.0034
B0044,22,2,0.1656,1.9986,1.662461,1.653401,100.5479
B0044,22,3,0.3304,1.9986,1.653401,1.653401,100.0
B0044,22,4,0.4946,1.9986,1.645215,1.653401,99.5049
B0044,22,5,0.6585,1.9986,1.635664,1.653401,98.9272
B0044,22,7,1.0257,1.9986,1.626777,1.653401,98.3897
B0044,22,8,1.1886,1.9986,1.615972,1.653401,97.7362
B0044,22,9,1.3512,1.9986,1.607603,1.653401,97.2301
B0044,22,10,1.5137,1.9986,1.600336,1.653401,96.7906
B0044,22,11,1.7257,1.9986,1.59787,1.653401,96.6414
B0044,22,12,1.8881,1.9986,1.590031,1.653401,96.1673
B0044,22,13,2.0503,1.9986,1.581631,1.653401,95.6593
B0044,22,14,2.2125,1.9986,1.571456,1.653401,95.0438
B0044,22,15,2.3744,1.9986,1.563221,1.653401,94.5458
B0044,22,16,2.586,1.9986,1.560678,1.653401,94.392
B0044,22,17,2.748,1.9986,1.552389,1.653401,93.8906
B0044,22,18,2.9099,1.9986,1.544459,1.653401,93.411
B0044,22,19,3.0716,1.9986,1.536558,1.653401,92.9332
B0044,22,20,3.2333,1.9986,1.530726,1.653401,92.5804
B0044,22,21,3.7268,1.9986,1.545243,1.653401,93.4584
B0044,22,22,3.9387,1.9986,1.539714,1.653401,93.1241
B0044,22,23,4.1006,1.9986,1.530536,1.653401,92.5689
B0044,22,24,4.2625,1.9986,1.519974,1.653401,91.9301
B0044,22,25,4.4242,1.9986,1.513663,1.653401,91.5484
B0044,22,26,4.5856,1.9986,1.501287,1.653401,90.7999
B0044,22,27,4.7966,1.9986,1.502381,1.653401,90.8661
B0044,22,28,4.9581,1.9986,1.498096,1.653401,90.6069
B0044,22,29,5.1195,1.9986,1.490654,1.653401,90.1568
B0044,22,30,5.2809,1.9986,1.484397,1.653401,89.7784
B0044,22,31,5.4419,1.9986,1.472532,1.653401,89.0608
B0044,22,32,5.6526,1.9986,1.466315,1.653401,88.6848
B0044,22,33,5.8137,1.9986,1.46713,1.653401,88.7341
B0044,22,34,5.9747,1.9986,1.459386,1.653401,88.2657
B0044,22,35,6.1356,1.9986,1.44679,1.653401,87.5039
B0044,22,36,6.2962,1.9986,1.439067,1.653401,87.0368
B0044,22,37,6.5064,1.9986,1.438989,1.653401,87.0321
B0044,22,38,6.667,1.9986,1.43862,1.653401,87.0097
B0044,22,39,6.8275,1.9986,1.431341,1.653401,86.5695
B0044,22,40,6.988,1.9986,1.422973,1.653401,86.0634
B0044,22,41,7.1483,1.9986,1.415015,1.653401,85.5821
B0044,22,88,21.9264,0.9992,1.477995,1.653401,89.3912
B0044,22,89,22.1681,0.9992,1.49412,1.653401,90.3665
B0044,22,90,22.3612,0.9992,1.488008,1.653401,89.9968
B0044,22,91,22.5538,0.9992,1.474834,1.653401,89.2
B0044,22,92,22.746,0.9992,1.460438,1.653401,88.3293
B0044,22,93,22.9376,0.9992,1.452381,1.653401,87.842
B0044,22,94,23.1788,0.9992,1.441103,1.653401,87.1599
B0044,22,95,23.3698,0.9992,1.430036,1.653401,86.4905
B0044,22,96,23.5606,0.9992,1.413943,1.653401,85.5173
B0044,22,97,23.7511,0.9992,1.397267,1.653401,84.5086
B0044,22,98,23.9414,0.9992,1.386538,1.653401,83.8597
B0044,22,99,24.1812,0.9992,1.372475,1.653401,83.0092
B0044,22,100,24.3708,0.9992,1.359859,1.653401,82.2462
B0044,22,101,24.5602,0.9992,1.348673,1.653401,81.5696
B0044,22,102,24.7491,0.9992,1.333426,1.653401,80.6475
B0044,22,103,24.9376,0.9992,1.338779,1.653401,80.9712
B0044,22,104,25.1757,0.9992,1.315332,1.653401,79.5531
B0044,22,105,25.3637,0.9992,1.322963,1.653401,80.0147
B0044,22,106,25.5513,0.9992,1.308699,1.653401,79.1519
B0044,22,107,25.7387,0.9992,1.28975,1.653401,78.0059
B0044,22,108,25.9257,0.9992,1.290617,1.653401,78.0583
B0044,22,109,26.1622,0.9992,1.275201,1.653401,77.1259
B0044,22,110,26.3488,0.9992,1.268607,1.653401,76.7271
B0044,22,111,26.535,0.9992,1.256576,1.653401,75.9995
B0044,22,112,26.7209,0.9992,1.248625,1.653401,75.5186
B0045,4,1,0.0,0.998,1.081979,0.885194,122.2308
B0045,4,2,0.2516,0.998,0.927952,0.885194,104.8304
B0045,4,3,0.4441,0.998,0.885194,0.885194,100.0
B0045,4,4,0.6359,0.998,0.858101,0.885194,96.9394
B0045,4,5,0.8272,0.998,0.840935,0.885194,95.0001
B0045,4,6,1.018,0.998,0.824547,0.885194,93.1488
B0045,4,7,1.7907,0.998,0.793596,0.885194,89.6523
B0045,4,8,2.0307,0.998,0.818368,0.885194,92.4507
B0045,4,9,2.2211,0.998,0.797764,0.885194,90.1232
B0045,4,10,2.4109,0.998,0.799378,0.885194,90.3054
B0045,4,11,2.6001,0.998,0.778311,0.885194,87.9255
B0045,4,12,2.7889,0.998,0.780374,0.885194,88.1585
B0045,4,13,6.0497,0.998,0.771306,0.885194,87.1341
B0045,4,14,6.2888,0.998,0.795279,0.885194,89.8424
B0045,4,15,6.4785,0.998,0.782413,0.885194,88.3889
B0045,4,16,6.6676,0.998,0.764941,0.885194,86.4152
B0045,4,17,6.8559,0.998,0.75449,0.885194,85.2345
B0045,4,18,7.0438,0.998,0.750405,0.885194,84.773
B0045,4,19,7.281,0.998,0.740726,0.885194,83.6795
B0045,4,21,7.6227,0.998,0.730853,0.885194,82.5641
B0045,4,22,7.8117,0.998,0.728726,0.885194,82.3239
B0045,4,23,7.998,0.998,0.716102,0.885194,80.8978
B0045,4,24,8.2335,0.998,0.71292,0.885194,80.5384
B0045,4,25,8.4189,0.998,0.714199,0.885194,80.6828
B0045,4,26,8.6039,0.998,0.719057,0.885194,81.2316
B0045,4,27,8.7886,0.998,0.717398,0.885194,81.0441
B0045,4,28,8.9725,0.998,0.707103,0.885194,79.8811
B0045,4,29,9.2062,0.998,0.703531,0.885194,79.4777
B0045,4,30,9.3897,0.998,0.694111,0.885194,78.4134
B0045,4,31,9.5728,0.998,0.691411,0.885194,78.1085
B0045,4,32,9.7556,0.998,0.697155,0.885194,78.7574
B0045,4,33,9.9379,0.998,0.683246,0.885194,77.1861
B0045,4,34,13.0363,0.998,0.682203,0.885194,77.0682
B0045,4,35,13.2702,0.998,0.728953,0.885194,82.3495
B0045,4,36,13.4553,0.998,0.713932,0.885194,80.6527
B0045,4,37,13.6391,0.998,0.695773,0.885194,78.6012
B0045,4,38,13.8224,0.998,0.701831,0.885194,79.2856
B0045,4,39,14.0051,0.998,0.691181,0.885194,78.0824
B0045,4,40,14.2371,0.998,0.684328,0.885194,77.3083
B0045,4,41,14.4191,0.998,0.674139,0.885194,76.1573
B0045,4,42,14.6004,0.998,0.667007,0.885194,75.3515
B0045,4,43,14.7813,0.998,0.680409,0.885194,76.8655
B0045,4,44,14.9619,0.998,0.661786,0.885194,74.7618
B0045,4,45,15.192,0.998,0.662317,0.885194,74.8217
B0045,4,46,15.3721,0.998,0.667936,0.885194,75.4565
B0045,4,47,15.5517,0.998,0.648899,0.885194,73.3059
B0045,4,48,15.7311,0.998,0.650364,0.885194,73.4714
B0045,4,49,15.9103,0.998,0.657208,0.885194,74.2445
B0045,4,50,16.1389,0.998,0.636352,0.885194,71.8884
B0045,4,51,16.3175,0.998,0.653645,0.885194,73.842
B0045,4,52,16.496,0.998,0.639143,0.885194,72.2037
B0045,4,53,16.674,0.998,0.648221,0.885194,73.2292
B0045,4,54,16.8516,0.998,0.628796,0.885194,71.0348
B0045,4,55,20.027,0.998,0.638057,0.885194,72.0811
B0045,4,56,20.2592,0.998,0.655483,0.885194,74.0496
B0045,4,57,20.4406,0.998,0.648493,0.885194,73.2601
B0045,4,58,20.6211,0.998,0.645407,0.885194,72.9114
B0045,4,59,20.801,0.998,0.642701,0.885194,72.6057
B0045,4,60,20.9807,0.998,0.635245,0.885194,71.7635
B0045,4,61,21.8985,0.998,0.615676,0.885194,69.5527
B0045,4,62,22.1279,0.998,0.617083,0.885194,69.7117
B0045,4,63,22.3081,0.998,0.643423,0.885194,72.6872
B0045,4,64,22.4875,0.998,0.627812,0.885194,70.9237
B0045,4,65,22.666,0.998,0.629008,0.885194,71.0588
B0045,4,67,25.8309,0.998,0.626636,0.885194,70.7908
B0045,4,68,26.0647,0.998,0.649581,0.885194,73.383
B0045,4,69,26.2461,0.998,0.633749,0.885194,71.5943
B0045,4,70,26.4265,0.998,0.629855,0.885194,71.1545
B0045,4,71,26.6065,0.998,0.618306,0.885194,69.8498
B0045,4,72,26.7858,0.998,0.606948,0.885194,68.5667
B0046,4,1,0.0,0.999,1.728239,1.503121,114.9767
B0046,4,2,0.2516,0.9988,1.516149,1.503121,100.8667
B0046,4,3,0.4441,0.9988,1.503121,1.503121,100.0
B0046,4,4,0.6359,0.9986,1.485866,1.503121,98.852
B0046,4,5,0.8272,0.9988,1.469456,1.503121,97.7603
B0046,4,6,1.018,0.999,1.458955,1.503121,97.0617
B0046,4,7,1.7907,0.9988,1.455685,1.503121,96.8442
B0046,4,8,2.0307,0.999,1.456232,1.503121,96.8806
B0046,4,9,2.2211,0.9988,1.444059,1.503121,96.0707
B0046,4,10,2.4109,0.9988,1.428294,1.503121,95.0219
B0046,4,11,2.6001,0.9986,1.419985,1.503121,94.4691
B0046,4,12,2.7889,0.9986,1.404323,1.503121,93.4271
B0046,4,13,6.0497,0.999,1.423435,1.503121,94.6986
B0046,4,14,6.2888,0.9988,1.433995,1.503121,95.4011
B0046,4,15,6.4785,0.9986,1.418518,1.503121,94.3715
B0046,4,16,6.6676,0.9986,1.405631,1.503121,93.5142
B0046,4,17,6.8559,0.9988,1.389021,1.503121,92.4091
B0046,4,18,7.0438,0.9988,1.372334,1.503121,91.299
B0046,4,19,7.281,0.9986,1.361578,1.503121,90.5834
B0046,4,21,7.6227,0.9986,1.410028,1.503121,93.8067
B0046,4,22,7.8117,0.9988,1.339567,1.503121,89.119
B0046,4,23,7.998,0.9988,1.329152,1.503121,88.4261
B0046,4,24,8.2335,0.9988,1.318169,1.503121,87.6954
B0046,4,25,8.4189,0.9986,1.312424,1.503121,87.3132
B0046,4,26,8.6039,0.9986,1.299324,1.503121,86.4417
B0046,4,27,8.7886,0.9988,1.287748,1.503121,85.6716
B0046,4,28,8.9725,0.9988,1.286528,1.503121,85.5905
B0046,4,29,9.2062,0.9986,1.271964,1.503121,84.6215
B0046,4,30,9.3897,0.9986,1.27145,1.503121,84.5873
B0046,4,31,9.5728,0.9986,1.261542,1.503121,83.9282
B0046,4,32,9.7556,0.9986,1.24212,1.503121,82.6361
B0046,4,33,9.9379,0.9986,1.240254,1.503121,82.5119
B0046,4,34,13.0363,0.9988,1.285113,1.503121,85.4963
B0046,4,35,13.2702,0.9988,1.304333,1.503121,86.775
B0046,4,36,13.4553,0.9986,1.277864,1.503121,85.014
B0046,4,37,13.6391,0.9986,1.272346,1.503121,84.647
B0046,4,38,13.8224,0.9988,1.247788,1.503121,83.0132
B0046,4,39,14.0051,0.9988,1.23525,1.503121,82.179
B0046,4,40,14.2371,0.9988,1.229251,1.503121,81.7799
B0046,4,41,14.4191,0.9986,1.223891,1.503121,81.4233
B0046,4,42,14.6004,0.9986,1.205423,1.503121,80.1947
B0046,4,43,14.7813,0.9988,1.195782,1.503121,79.5533
B0046,4,44,14.9619,0.9988,1.190073,1.503121,79.1735
B0046,4,45,15.192,0.9988,1.179202,1.503121,78.4502
B0046,4,46,15.3721,0.9986,1.169504,1.503121,77.805
B0046,4,47,15.5517,0.9986,1.167724,1.503121,77.6866
B0046,4,48,15.7311,0.9986,1.157926,1.503121,77.0347
B0046,4,49,15.9103,0.9988,1.149981,1.503121,76.5062
B0046,4,50,16.1389,0.9988,1.150286,1.503121,76.5265
B0046,4,51,16.3175,0.9988,1.134945,1.503121,75.5059
B0046,4,52,16.496,0.9988,1.138096,1.503121,75.7155
B0046,4,53,16.674,0.9986,1.123711,1.503121,74.7585
B0046,4,55,20.027,0.999,1.214119,1.503121,80.7732
B0046,4,56,20.2592,0.9988,1.211945,1.503121,80.6285
B0046,4,57,20.4406,0.9988,1.197125,1.503121,79.6426
B0046,4,58,20.6211,0.9986,1.182289,1.503121,78.6556
B0046,4,59,20.801,0.9988,1.164534,1.503121,77.4744
B0046,4,60,20.9807,0.9988,1.153556,1.503121,76.744
B0046,4,61,21.8985,0.9988,1.160199,1.503121,77.186
B0046,4,62,22.1279,0.999,1.171172,1.503121,77.916
B0046,4,63,22.3081,0.9988,1.156341,1.503121,76.9293
B0046,4,64,22.4875,0.9986,1.141082,1.503121,75.9142
B0046,4,65,22.666,0.9986,1.135238,1.503121,75.5254
B0046,4,67,25.8309,0.9988,1.253085,1.503121,83.3655
B0046,4,68,26.0647,0.999,1.205045,1.503121,80.1695
B0046,4,69,26.2461,0.9988,1.191199,1.503121,79.2483
B0046,4,70,26.4265,0.9988,1.174638,1.503121,78.1466
B0046,4,71,26.6065,0.9988,1.155543,1.503121,76.8763
B0046,4,72,26.7858,0.9988,1.153804,1.503121,76.7606
B0047,4,1,0.0,1.0,1.674305,1.508076,111.0225
B0047,4,2,0.2516,1.0,1.524366,1.508076,101.0802
B0047,4,3,0.4441,1.0,1.508076,1.508076,100.0
B0047,4,4,0.6359,1.0,1.483558,1.508076,98.3742
B0047,4,5,0.8272,1.0,1.467139,1.508076,97.2855
B0047,4,6,1.018,1.0,1.448858,1.508076,96.0733
B0047,4,7,1.7907,1.0,1.445853,1.508076,95.874
B0047,4,8,2.0307,1.0,1.431118,1.508076,94.8969
B0047,4,9,2.2211,1.0,1.419275,1.508076,94.1116
B0047,4,10,2.4109,1.0,1.399997,1.508076,92.8333
B0047,4,11,2.6001,1.0,1.388516,1.508076,92.072
B0047,4,12,2.7889,1.0,1.365223,1.508076,90.5275
B0047,4,13,6.0497,1.0,1.406044,1.508076,93.2343
B0047,4,14,6.2888,1.0,1.405754,1.508076,93.2151
B0047,4,15,6.4785,1.0,1.386766,1.508076,91.956
B0047,4,16,6.6676,1.0,1.370505,1.508076,90.8777
B0047,4,17,6.8559,1.0,1.349743,1.508076,89.501
B0047,4,18,7.0438,1.0,1.325153,1.508076,87.8704
B0047,4,19,7.281,1.0,1.311194,1.508076,86.9448
B0047,4,21,7.6227,1.0,1.339423,1.508076,88.8167
B0047,4,22,7.8117,1.0,1.284916,1.508076,85.2023
B0047,4,23,7.998,1.0,1.281719,1.508076,84.9903
B0047,4,24,8.2335,1.0,1.260005,1.508076,83.5505
B0047,4,25,8.4189,1.0,1.26607,1.508076,83.9527
B0047,4,26,8.6039,1.0,1.241359,1.508076,82.3141
B0047,4,27,8.7886,1.0,1.229887,1.508076,81.5534
B0047,4,28,8.9725,1.0,1.228089,1.508076,81.4341
B0047,4,29,9.2062,1.0,1.213986,1.508076,80.499
B0047,4,30,9.3897,1.0,1.217344,1.508076,80.7216
B0047,4,31,9.5728,1.0,1.207345,1.508076,80.0586
B0047,4,32,9.7556,1.0,1.18804,1.508076,78.7785
B0047,4,33,9.9379,1.0,1.186305,1.508076,78.6634
B0047,4,34,13.0363,1.0,1.261394,1.508076,83.6426
B0047,4,35,13.2702,1.0,1.264825,1.508076,83.8701
B0047,4,36,13.4553,1.0,1.246649,1.508076,82.6649
B0047,4,37,13.6391,1.0,1.233392,1.508076,81.7858
B0047,4,38,13.8224,1.0,1.212925,1.508076,80.4286
B0047,4,39,14.0051,1.0,1.199911,1.508076,79.5656
B0047,4,40,14.2371,1.0,1.190256,1.508076,78.9254
B0047,4,41,14.4191,1.0,1.189256,1.508076,78.8592
B0047,4,42,14.6004,1.0,1.16707,1.508076,77.388
B0047,4,43,14.7813,1.0,1.161535,1.508076,77.021
B0047,4,44,14.9619,1.0,1.155556,1.508076,76.6245
B0047,4,45,15.192,1.0,1.148852,1.508076,76.18
B0047,4,46,15.3721,1.0,1.143573,1.508076,75.8299
B0047,4,47,15.5517,1.0,1.141802,1.508076,75.7125
B0047,4,48,15.7311,1.0,1.136059,1.508076,75.3316
B0047,4,49,15.9103,1.0,1.123636,1.508076,74.5079
B0047,4,50,16.1389,1.0,1.13205,1.508076,75.0658
B0047,4,51,16.3175,1.0,1.11701,1.508076,74.0685
B0047,4,52,16.496,1.0,1.120043,1.508076,74.2697
B0047,4,53,16.674,1.0,1.105977,1.508076,73.337
B0047,4,55,20.027,1.0,1.19079,1.508076,78.9609
B0047,4,56,20.2592,1.0,1.201239,1.508076,79.6537
B0047,4,57,20.4406,1.0,1.190691,1.508076,78.9543
B0047,4,58,20.6211,1.0,1.176438,1.508076,78.0092
B0047,4,59,20.801,1.0,1.162811,1.508076,77.1056
B0047,4,60,20.9807,1.0,1.151615,1.508076,76.3632
B0047,4,61,21.8985,1.0,1.158367,1.508076,76.8109
B0047,4,62,22.1279,1.0,1.169229,1.508076,77.5311
B0047,4,63,22.3081,1.0,1.158815,1.508076,76.8406
B0047,4,64,22.4875,1.0,1.143959,1.508076,75.8555
B0047,4,65,22.666,1.0,1.138394,1.508076,75.4865
B0047,4,67,25.8309,1.0,1.22131,1.508076,80.9846
B0047,4,68,26.0647,1.0,1.203106,1.508076,79.7775
B0047,4,69,26.2461,1.0,1.189715,1.508076,78.8896
B0047,4,70,26.4265,1.0,1.177423,1.508076,78.0745
B0047,4,71,26.6065,1.0,1.158443,1.508076,76.8159
B0047,4,72,26.7858,1.0,1.156709,1.508076,76.7009
B0048,4,1,0.0,0.999,1.657996,1.498922,110.6125
B0048,4,2,0.2516,0.999,1.507693,1.498922,100.5852
B0048,4,3,0.4441,0.999,1.498922,1.498922,100.0
B0048,4,4,0.6359,0.999,1.478292,1.498922,98.6237
B0048,4,5,0.8272,0.999,1.461857,1.498922,97.5272
B0048,4,6,1.018,0.999,1.450959,1.498922,96.8002
B0048,4,7,1.7907,0.999,1.451747,1.498922,96.8527
B0048,4,8,2.0307,0.999,1.444393,1.498922,96.3621
B0048,4,9,2.2211,0.999,1.432738,1.498922,95.5846
B0048,4,10,2.4109,0.999,1.417241,1.498922,94.5507
B0048,4,11,2.6001,0.999,1.405756,1.498922,93.7844
B0048,4,12,2.7889,0.999,1.390271,1.498922,92.7513
B0048,4,13,6.0497,0.999,1.419666,1.498922,94.7124
B0048,4,14,6.2888,0.999,1.419056,1.498922,94.6718
B0048,4,15,6.4785,0.999,1.404272,1.498922,93.6855
B0048,4,16,6.6676,0.999,1.391614,1.498922,92.841
B0048,4,17,6.8559,0.999,1.374962,1.498922,91.73
B0048,4,18,7.0438,0.999,1.354516,1.498922,90.366
B0048,4,19,7.281,0.999,1.344022,1.498922,89.6659
B0048,4,21,7.6227,0.999,1.372384,1.498922,91.5581
B0048,4,22,7.8117,0.999,1.318411,1.498922,87.9572
B0048,4,23,7.998,0.999,1.311273,1.498922,87.481
B0048,4,24,8.2335,0.999,1.297017,1.498922,86.53
B0048,4,25,8.4189,0.999,1.299522,1.498922,86.6971
B0048,4,26,8.6039,0.999,1.282615,1.498922,85.5692
B0048,4,27,8.7886,0.999,1.275289,1.498922,85.0804
B0048,4,28,8.9725,0.999,1.273557,1.498922,84.9649
B0048,4,29,9.2062,0.999,1.259411,1.498922,84.0211
B0048,4,30,9.3897,0.999,1.263163,1.498922,84.2714
B0048,4,31,9.5728,0.999,1.249172,1.498922,83.338
B0048,4,32,9.7556,0.999,1.233984,1.498922,82.3248
B0048,4,33,9.9379,0.999,1.240032,1.498922,82.7282
B0048,4,34,13.0363,0.999,1.303709,1.498922,86.9764
B0048,4,35,13.2702,0.999,1.315056,1.498922,87.7334
B0048,4,36,13.4553,0.999,1.288874,1.498922,85.9867
B0048,4,37,13.6391,0.999,1.287714,1.498922,85.9093
B0048,4,38,13.8224,0.999,1.267338,1.498922,84.5499
B0048,4,39,14.0051,0.999,1.250594,1.498922,83.4329
B0048,4,40,14.2371,0.999,1.248713,1.498922,83.3074
B0048,4,41,14.4191,0.999,1.248002,1.498922,83.26
B0048,4,42,14.6004,0.999,1.23009,1.498922,82.0649
B0048,4,43,14.7813,0.999,1.22442,1.498922,81.6867
B0048,4,44,14.9619,0.999,1.218668,1.498922,81.303
B0048,4,45,15.192,0.999,1.203787,1.498922,80.3101
B0048,4,46,15.3721,0.999,1.194764,1.498922,79.7082
B0048,4,47,15.5517,0.999,1.205209,1.498922,80.405
B0048,4,48,15.7311,0.999,1.195575,1.498922,79.7623
B0048,4,49,15.9103,0.999,1.18885,1.498922,79.3136
B0048,4,50,16.1389,0.999,1.191561,1.498922,79.4945
B0048,4,51,16.3175,0.999,1.172659,1.498922,78.2335
B0048,4,52,16.496,0.999,1.184113,1.498922,78.9976
B0048,4,53,16.674,0.999,1.157683,1.498922,77.2343
B0048,4,55,20.027,0.999,1.259356,1.498922,84.0174
B0048,4,56,20.2592,0.999,1.265883,1.498922,84.4529
B0048,4,57,20.4406,0.999,1.24726,1.498922,83.2104
B0048,4,58,20.6211,0.999,1.232809,1.498922,82.2463
B0048,4,59,20.801,0.999,1.231959,1.498922,82.1897
B0048,4,60,20.9807,0.999,1.220786,1.498922,81.4442
B0048,4,61,21.8985,0.999,1.227544,1.498922,81.8951
B0048,4,62,22.1279,0.999,1.238679,1.498922,82.638
B0048,4,63,22.3081,0.999,1.228358,1.498922,81.9494
B0048,4,64,22.4875,0.999,1.209548,1.498922,80.6945
B0048,4,65,22.666,0.999,1.208214,1.498922,80.6055
B0048,4,67,25.8309,0.999,1.299873,1.498922,86.7205
B0048,4,68,26.0647,0.999,1.269122,1.498922,84.669
B0048,4,69,26.2461,0.999,1.255514,1.498922,83.7611
B0048,4,70,26.4265,0.999,1.251988,1.498922,83.5259
B0048,4,71,26.6065,0.999,1.237498,1.498922,82.5592
B0048,4,72,26.7858,0.999,1.223127,1.498922,81.6005
B0049,4,1,0.0,1.9976,0.858373,1.372852,62.5248
B0049,4,2,0.1961,1.9976,1.420906,1.372852,103.5003
B0049,4,3,0.3595,1.9976,1.372852,1.372852,100.0
B0049,4,4,0.5226,1.9976,1.364374,1.372852,99.3825
B0049,4,5,2.7173,1.9976,2.378644,1.372852,173.2629
B0049,4,6,2.9467,1.9976,1.060536,1.372852,77.2505
B0049,4,7,3.1363,1.9976,1.006993,1.372852,73.3505
B0049,4,8,3.2936,1.9976,0.929878,1.372852,67.7333
B0049,4,9,3.4517,1.9976,0.923238,1.372852,67.2496
B0049,4,10,3.6088,1.9976,0.905328,1.372852,65.945
B0049,4,11,3.8197,1.9976,0.859585,1.372852,62.6131
B0049,4,12,3.9689,1.9976,0.836961,1.372852,60.9652
B0049,4,13,4.1265,1.9976,0.845682,1.372852,61.6004
B0049,4,14,4.2864,1.9976,0.807121,1.372852,58.7916
B0049,4,15,4.4351,1.9976,0.782074,1.372852,56.9671
B0049,4,16,4.6323,1.9976,0.795302,1.372852,57.9306
B0049,4,18,4.9088,1.9976,0.775205,1.372852,56.4668
B0049,4,19,5.0576,1.9976,0.771187,1.372852,56.174
B0049,4,20,5.2111,1.9976,0.75851,1.372852,55.2507
B0049,4,21,5.4071,1.9976,0.734939,1.372852,53.5337
B0049,4,22,5.5547,1.9974,0.736676,1.372852,53.6602
B0049,4,23,5.7004,1.9974,0.709395,1.372852,51.6731
B0049,4,24,5.8473,1.9976,0.718647,1.372852,52.347
B0049,4,25,5.9928,1.9976,0.691389,1.372852,50.3615
B0050,4,1,0.0,1.9982,0.863145,1.576696,54.7439
B0050,4,2,0.1961,1.9982,1.64879,1.576696,104.5724
B0050,4,3,0.3595,1.9982,1.601636,1.576696,101.5818
B0050,4,4,0.5226,1.9982,1.551756,1.576696,98.4182
B0050,4,7,3.1363,1.9982,1.359028,1.576696,86.1946
B0050,4,8,3.2936,1.9982,1.374217,1.576696,87.158
B0050,4,9,3.4517,1.9982,1.352803,1.576696,85.7998
B0050,4,10,3.6088,1.9982,1.360741,1.576696,86.3033
B0050,4,11,3.8197,1.9982,0.526879,1.576696,33.4166
B0050,4,12,3.9689,1.9982,1.400271,1.576696,88.8105
B0050,4,13,4.1265,1.9982,1.428927,1.576696,90.6279
B0050,4,15,4.4351,1.9982,0.573693,1.576696,36.3858
B0050,4,19,5.0576,1.998,1.179169,1.576696,74.7873
B0051,4,1,0.0,1.999,0.643474,1.228894,52.362
B0051,4,2,0.1961,1.999,1.29318,1.228894,105.2312
B0051,4,3,0.3595,1.999,1.228894,1.228894,100.0
B0051,4,4,0.5226,1.9992,1.203903,1.228894,97.9664
B0051,4,5,2.7173,1.999,2.330873,1.228894,189.6725
B0051,4,6,2.9467,1.999,1.009281,1.228894,82.1292
B0051,4,7,3.1363,1.999,0.956566,1.228894,77.8396
B0051,4,8,3.2936,1.999,0.901956,1.228894,73.3958
B0051,4,9,3.4517,1.999,0.889791,1.228894,72.4058
B0051,4,10,3.6088,1.999,0.883072,1.228894,71.8591
B0051,4,11,3.8197,1.999,0.843127,1.228894,68.6086
B0051,4,12,3.9689,1.999,0.826559,1.228894,67.2604
B0051,4,13,4.1265,1.999,0.835268,1.228894,67.9691
B0051,4,14,4.2864,1.999,0.802572,1.228894,65.3085
B0051,4,15,4.4351,1.999,0.783922,1.228894,63.7908
B0051,4,16,4.6323,1.999,0.791076,1.228894,64.373
B0051,4,18,4.9088,1.999,0.765454,1.228894,62.288
B0051,4,19,5.0576,1.999,0.773177,1.228894,62.9165
B0051,4,20,5.2111,1.999,0.760529,1.228894,61.8873
B0051,4,21,5.4071,1.999,0.737643,1.228894,60.025
B0051,4,22,5.5547,1.999,0.73918,1.228894,60.15
B0051,4,23,5.7004,1.999,0.701458,1.228894,57.0804
B0051,4,24,5.8473,1.999,0.704735,1.228894,57.3471
B0051,4,25,5.9928,1.999,0.677849,1.228894,55.1593
B0052,4,1,0.0,1.9982,0.860659,1.361139,63.2308
B0052,4,2,0.1961,1.9982,1.41831,1.361139,104.2002
B0052,4,3,0.3595,1.9982,1.370712,1.361139,100.7034
B0052,4,4,0.5226,1.9982,1.351565,1.361139,99.2966
B0053,4,1,0.0,1.9976,1.069142,1.130586,94.5652
B0053,4,2,0.2038,1.9976,1.154073,1.130586,102.0774
B0053,4,3,0.3604,1.9976,1.150153,1.130586,101.7306
B0053,4,4,0.5164,1.9974,1.130586,1.130586,100.0
B0053,4,5,0.6721,1.9974,1.12179,1.130586,99.222
B0053,4,6,0.8276,1.9974,1.113598,1.130586,98.4974
B0053,4,7,1.0328,1.9974,1.086465,1.130586,96.0975
B0053,4,8,1.1886,1.9974,1.064749,1.130586,94.1767
B0053,4,9,1.3442,1.9974,1.080929,1.130586,95.6078
B0053,4,10,1.4996,1.9974,1.085275,1.130586,95.9922
B0053,4,11,1.6547,1.9974,1.05048,1.130586,92.9146
B0053,4,12,1.8597,1.9974,1.085355,1.130586,95.9993
B0053,4,13,2.0145,1.9974,1.05084,1.130586,92.9464
B0053,4,14,2.1697,1.9974,1.060907,1.130586,93.8369
B0053,4,15,2.3246,1.9974,1.070582,1.130586,94.6927
B0053,4,16,2.4794,1.9974,1.024037,1.130586,90.5757
B0053,4,17,2.6841,1.9974,1.067096,1.130586,94.3843
B0053,4,18,2.8387,1.9976,1.027924,1.130586,90.9195
B0053,4,19,2.9935,1.9976,1.032543,1.130586,91.3281
B0053,4,20,3.1483,1.9976,1.055949,1.130586,93.3983
B0053,4,21,3.3025,1.9976,1.044531,1.130586,92.3885
B0053,4,22,4.0439,1.9976,1.035314,1.130586,91.5732
B0053,4,23,4.2489,1.9974,1.076341,1.130586,95.202
B0053,4,24,4.4042,1.9974,1.035222,1.130586,91.5651
B0053,4,25,4.5591,1.9974,1.051429,1.130586,92.9985
B0053,4,26,4.7138,1.9974,1.060333,1.130586,93.7861
B0053,4,27,4.8681,1.9976,1.023697,1.130586,90.5456
B0053,4,28,5.0725,1.9976,1.046588,1.130586,92.5704
B0053,4,29,5.227,1.9976,1.003112,1.130586,88.7249
B0053,4,30,5.3815,1.9974,1.046158,1.130586,92.5323
B0053,4,31,5.5356,1.9974,1.015626,1.130586,89.8318
B0053,4,32,5.6899,1.9974,1.025005,1.130586,90.6614
B0053,4,33,5.8938,1.9976,0.980133,1.130586,86.6925
B0053,4,34,6.0481,1.9976,1.036778,1.130586,91.7027
B0053,4,35,6.2019,1.9976,1.02683,1.130586,90.8228
B0053,4,36,6.3558,1.9974,1.015038,1.130586,89.7798
B0053,4,37,6.5097,1.9974,0.990461,1.130586,87.606
B0053,4,38,6.7135,1.9974,1.014577,1.130586,89.739
B0053,4,39,6.8675,1.9976,0.981131,1.130586,86.7807
B0053,4,40,7.0215,1.9976,1.004169,1.130586,88.8184
B0053,4,41,7.1754,1.9976,1.00782,1.130586,89.1414
B0053,4,42,7.329,1.9974,0.982454,1.130586,86.8978
B0053,4,43,10.8498,1.9976,1.109678,1.130586,98.1506
B0053,4,44,11.0554,1.9976,1.11368,1.130586,98.5046
B0053,4,45,11.2109,1.9976,1.038501,1.130586,91.8551
B0053,4,46,11.3664,1.9974,1.076882,1.130586,95.2498
B0053,4,47,11.5212,1.9974,1.072171,1.130586,94.8331
B0053,4,48,11.676,1.9974,1.012459,1.130586,89.5517
B0053,4,49,11.8805,1.9976,1.027994,1.130586,90.9258
B0053,4,50,12.035,1.9976,1.030415,1.130586,91.1398
B0053,4,51,12.1897,1.9976,1.055616,1.130586,93.3689
B0053,4,52,12.3439,1.9976,1.001112,1.130586,88.548
B0053,4,53,12.4983,1.9976,1.046684,1.130586,92.5789
B0053,4,54,12.7019,1.9976,1.047182,1.130586,92.6229
B0053,4,55,12.8559,1.9976,1.010274,1.130586,89.3584
B0054,4,1,0.0,1.9982,0.739935,1.09603,67.5105
B0054,4,2,0.2072,1.9984,1.166544,1.09603,106.4336
B0054,4,3,0.3667,1.9982,1.105252,1.09603,100.8414
B0054,4,4,0.526,1.9982,1.09603,1.09603,100.0
B0054,4,5,0.6841,1.9982,1.075445,1.09603,98.1218
B0054,4,6,0.8431,1.9982,1.065549,1.09603,97.219
B0054,4,7,1.0503,1.9982,1.056837,1.09603,96.4241
B0054,4,8,1.2063,1.9982,1.044906,1.09603,95.3356
B0054,4,9,1.3613,1.9982,1.045836,1.09603,95.4204
B0054,4,10,1.5195,1.9982,1.018188,1.09603,92.8978
B0054,4,11,1.6772,1.9982,1.022641,1.09603,93.3041
B0054,4,12,1.8813,1.9982,1.03891,1.09603,94.7884
B0054,4,13,2.039,1.9982,1.017325,1.09603,92.8191
B0054,4,14,2.1961,1.9982,1.033184,1.09603,94.266
B0054,4,15,2.3534,1.9982,1.009523,1.09603,92.1072
B0054,4,16,2.5105,1.9982,0.986248,1.09603,89.9837
B0054,4,17,2.7172,1.9982,1.008005,1.09603,91.9687
B0054,4,18,2.8737,1.9982,1.015339,1.09603,92.6378
B0054,4,19,3.0298,1.9982,1.010679,1.09603,92.2127
B0054,4,20,3.1862,1.9984,1.01041,1.09603,92.1881
B0054,4,21,3.3429,1.9982,0.980143,1.09603,89.4267
B0054,4,22,6.1614,1.9984,1.101664,1.09603,100.514
B0054,4,23,6.3691,1.9982,1.082651,1.09603,98.7793
B0054,4,24,6.527,1.9982,1.057501,1.09603,96.4846
B0054,4,25,6.6845,1.9982,1.038552,1.09603,94.7558
B0054,4,26,6.8413,1.9982,1.007329,1.09603,91.9071
B0054,4,27,6.9983,1.9982,1.01604,1.09603,92.7018
B0054,4,28,7.2048,1.9982,1.015832,1.09603,92.6828
B0054,4,29,7.3615,1.9982,1.001538,1.09603,91.3787
B0054,4,30,7.5179,1.9982,0.981249,1.09603,89.5275
B0054,4,31,7.6739,1.998,0.998742,1.09603,91.1235
B0054,4,32,7.8301,1.998,0.958401,1.09603,87.443
B0054,4,33,8.036,1.9982,0.980085,1.09603,89.4213
B0054,4,34,8.1917,1.9982,0.972037,1.09603,88.6871
B0054,4,35,8.3477,1.9982,0.96932,1.09603,88.4392
B0054,4,36,8.5034,1.9982,0.947979,1.09603,86.492
B0054,4,37,8.6593,1.9982,0.963852,1.09603,87.9403
B0054,4,38,8.8643,1.9982,0.968234,1.09603,88.3401
B0054,4,39,9.02,1.9982,0.940702,1.09603,85.8281
B0054,4,40,9.1758,1.9982,0.961844,1.09603,87.7571
B0054,4,41,9.3312,1.9982,0.933234,1.09603,85.1467
B0054,4,42,9.4867,1.9982,0.931345,1.09603,84.9744
B0054,4,43,10.997,1.9982,0.997643,1.09603,91.0233
B0054,4,44,11.2032,1.9984,0.983332,1.09603,89.7176
B0054,4,45,11.3595,1.9982,0.990437,1.09603,90.3658
B0054,4,46,11.5156,1.9982,0.949987,1.09603,86.6753
B0054,4,47,11.6715,1.9982,0.952603,1.09603,86.9139
B0054,4,48,14.1301,1.9982,0.885018,1.09603,80.7475
B0054,4,49,14.3339,1.9982,0.99374,1.09603,90.6672
B0054,4,50,14.4905,1.9982,0.995507,1.09603,90.8285
B0054,4,51,14.6465,1.9982,0.975408,1.09603,88.9946
B0054,4,52,14.8022,1.9982,0.965961,1.09603,88.1327
B0054,4,53,14.9577,1.9982,0.95737,1.09603,87.3489
B0054,4,54,15.163,1.9982,0.929476,1.09603,84.8038
B0054,4,55,15.3187,1.9982,0.932355,1.09603,85.0666
B0054,4,56,15.4743,1.998,0.954568,1.09603,87.0933
B0054,4,57,15.6297,1.998,0.933024,1.09603,85.1276
B0054,4,58,15.7848,1.9982,0.923294,1.09603,84.2398
B0054,4,59,15.9898,1.998,0.92578,1.09603,84.4666
B0054,4,60,16.1446,1.9982,0.916277,1.09603,83.5996
B0054,4,61,16.2998,1.998,0.938701,1.09603,85.6456
B0054,4,62,16.4547,1.9982,0.915899,1.09603,83.5651
B0054,4,63,16.6095,1.9982,0.920261,1.09603,83.9631
B0054,4,64,16.8142,1.998,0.911125,1.09603,83.1296
B0054,4,65,16.9688,1.9982,0.898051,1.09603,81.9367
B0054,4,66,17.1236,1.9982,0.927886,1.09603,84.6588
B0054,4,67,17.2784,1.9982,0.911842,1.09603,83.1949
B0054,4,68,17.4326,1.9982,0.893649,1.09603,81.5351
B0054,4,69,18.1741,1.9982,0.910086,1.09603,83.0348
B0054,4,70,18.379,1.9982,0.91149,1.09603,83.1629
B0054,4,71,18.5343,1.9982,0.933717,1.09603,85.1908
B0054,4,72,18.6892,1.9982,0.898152,1.09603,81.9459
B0054,4,73,18.8439,1.9982,0.913937,1.09603,83.3861
B0054,4,74,18.9982,1.9982,0.876485,1.09603,79.969
B0054,4,75,19.2026,1.9984,0.885492,1.09603,80.7908
B0054,4,76,19.3571,1.9982,0.881907,1.09603,80.4638
B0054,4,77,19.5116,1.9982,0.904581,1.09603,82.5325
B0054,4,78,19.6658,1.9982,0.873461,1.09603,79.6931
B0054,4,79,19.82,1.9982,0.903131,1.09603,82.4002
B0054,4,80,20.0239,1.9982,0.871222,1.09603,79.4888
B0054,4,81,20.1782,1.9984,0.89365,1.09603,81.5352
B0054,4,82,20.332,1.9982,0.883506,1.09603,80.6097
B0054,4,83,20.4859,1.9982,0.87794,1.09603,80.1018
B0054,4,84,20.6398,1.9982,0.859939,1.09603,78.4594
B0054,4,85,20.8436,1.998,0.869736,1.09603,79.3533
B0054,4,86,20.9976,1.9982,0.863827,1.09603,78.8142
B0054,4,87,21.1516,1.9984,0.886569,1.09603,80.8891
B0054,4,88,21.3055,1.9982,0.869008,1.09603,79.2869
B0054,4,89,21.4591,1.9982,0.847445,1.09603,77.3195
B0054,4,90,24.9799,1.9982,0.879973,1.09603,80.2873
B0054,4,91,25.1855,1.9984,0.911044,1.09603,83.1222
B0054,4,92,25.341,1.9982,0.912172,1.09603,83.2251
B0054,4,93,25.4965,1.9982,0.887204,1.09603,80.9471
B0054,4,94,25.6513,1.9982,0.896124,1.09603,81.7609
B0054,4,95,25.8061,1.9982,0.885133,1.09603,80.7581
B0054,4,96,26.0106,1.9982,0.879339,1.09603,80.2294
B0054,4,97,26.1651,1.9984,0.846122,1.09603,77.1988
B0054,4,98,26.3198,1.9984,0.870593,1.09603,79.4315
B0054,4,99,26.474,1.9984,0.844052,1.09603,77.0099
B0054,4,100,26.6284,1.9982,0.853624,1.09603,77.8833
B0054,4,101,26.832,1.9982,0.852452,1.09603,77.7763
B0054,4,102,26.986,1.9984,0.837392,1.09603,76.4023
B0055,4,1,0.0,1.999,0.799,1.257259,63.5509
B0055,4,2,0.2072,1.999,1.319892,1.257259,104.9817
B0055,4,3,0.3667,1.999,1.276983,1.257259,101.5688
B0055,4,4,0.526,1.999,1.257259,1.257259,100.0
B0055,4,5,0.6841,1.999,1.206764,1.257259,95.9837
B0055,4,6,0.8431,1.999,1.207732,1.257259,96.0607
B0055,4,7,1.0503,1.999,1.200961,1.257259,95.5222
B0055,4,8,1.2063,1.999,1.189059,1.257259,94.5755
B0055,4,9,1.3613,1.999,1.169709,1.257259,93.0364
B0055,4,10,1.5195,1.999,1.148365,1.257259,91.3387
B0055,4,11,1.6772,1.999,1.152773,1.257259,91.6893
B0055,4,12,1.8813,1.999,1.131837,1.257259,90.0242
B0055,4,13,2.039,1.999,1.132653,1.257259,90.089
B0055,4,14,2.1961,1.999,1.116057,1.257259,88.769
B0055,4,15,2.3534,1.999,1.098464,1.257259,87.3698
B0055,4,16,2.5105,1.999,1.092569,1.257259,86.9009
B0055,4,17,2.7172,1.999,1.109168,1.257259,88.2211
B0055,4,18,2.8737,1.999,1.107504,1.257259,88.0887
B0055,4,19,3.0298,1.999,1.106752,1.257259,88.0289
B0055,4,20,3.1862,1.9992,1.072669,1.257259,85.3181
B0055,4,21,3.3429,1.999,1.077684,1.257259,85.717
B0055,4,22,6.1614,1.999,1.198171,1.257259,95.3003
B0055,4,23,6.3691,1.999,1.162538,1.257259,92.4661
B0055,4,24,6.527,1.999,1.155683,1.257259,91.9208
B0055,4,25,6.6845,1.999,1.137444,1.257259,90.4701
B0055,4,26,6.8413,1.999,1.112638,1.257259,88.4971
B0055,4,27,6.9983,1.999,1.098656,1.257259,87.385
B0055,4,28,7.2048,1.9992,1.09853,1.257259,87.375
B0055,4,29,7.3615,1.999,1.102937,1.257259,87.7255
B0055,4,30,7.5179,1.999,1.094964,1.257259,87.0914
B0055,4,31,7.6739,1.999,1.089068,1.257259,86.6224
B0055,4,32,7.8301,1.999,1.073323,1.257259,85.3701
B0055,4,33,8.036,1.999,1.095374,1.257259,87.124
B0055,4,34,8.1917,1.999,1.063952,1.257259,84.6247
B0055,4,35,8.3477,1.999,1.085798,1.257259,86.3623
B0055,4,36,8.5034,1.999,1.058875,1.257259,84.2209
B0055,4,37,8.6593,1.999,1.081326,1.257259,86.0066
B0055,4,38,8.8643,1.999,1.061602,1.257259,84.4378
B0055,4,39,9.02,1.999,1.059392,1.257259,84.262
B0055,4,40,9.1758,1.999,1.074251,1.257259,85.4439
B0055,4,41,9.3312,1.999,1.040561,1.257259,82.7643
B0055,4,42,9.4867,1.999,1.057566,1.257259,84.1168
B0055,4,43,10.997,1.999,1.098353,1.257259,87.3609
B0055,4,44,11.2032,1.9991,1.109759,1.257259,88.2681
B0055,4,45,11.3595,1.999,1.079332,1.257259,85.848
B0055,4,46,11.5156,1.999,1.071616,1.257259,85.2343
B0055,4,47,11.6715,1.999,1.074646,1.257259,85.4753
B0055,4,48,14.1301,1.999,1.086437,1.257259,86.4131
B0055,4,49,14.3339,1.999,1.134014,1.257259,90.1973
B0055,4,50,14.4905,1.999,1.117696,1.257259,88.8995
B0055,4,51,14.6465,1.999,1.104647,1.257259,87.8615
B0055,4,52,14.8022,1.999,1.0897,1.257259,86.6727
B0055,4,53,14.9577,1.999,1.075534,1.257259,85.5459
B0055,4,54,15.163,1.999,1.060987,1.257259,84.3889
B0055,4,55,15.3187,1.999,1.051822,1.257259,83.6599
B0055,4,56,15.4743,1.999,1.055386,1.257259,83.9434
B0055,4,57,15.6297,1.999,1.05331,1.257259,83.7783
B0055,4,58,15.7848,1.999,1.031537,1.257259,82.0465
B0055,4,59,15.9898,1.999,1.05334,1.257259,83.7807
B0055,4,60,16.1446,1.999,1.031788,1.257259,82.0664
B0055,4,61,16.2998,1.999,1.035421,1.257259,82.3554
B0055,4,62,16.4547,1.999,1.032225,1.257259,82.1012
B0055,4,63,16.6095,1.999,1.011543,1.257259,80.4562
B0055,4,64,16.8142,1.999,1.041376,1.257259,82.8291
B0055,4,65,16.9688,1.999,1.021742,1.257259,81.2674
B0055,4,66,17.1236,1.999,1.013314,1.257259,80.597
B0055,4,67,17.2784,1.999,1.029994,1.257259,81.9238
B0055,4,68,17.4326,1.999,1.018935,1.257259,81.0442
B0055,4,69,18.1741,1.9992,1.029088,1.257259,81.8517
B0055,4,70,18.379,1.999,1.056763,1.257259,84.0529
B0055,4,71,18.5343,1.999,1.029167,1.257259,81.858
B0055,4,72,18.6892,1.999,1.03213,1.257259,82.0936
B0055,4,73,18.8439,1.999,1.040923,1.257259,82.793
B0055,4,74,18.9982,1.999,1.011161,1.257259,80.4258
B0055,4,75,19.2026,1.999,1.033788,1.257259,82.2255
B0055,4,76,19.3571,1.999,1.003994,1.257259,79.8558
B0055,4,77,19.5116,1.999,1.03342,1.257259,82.1962
B0055,4,78,19.6658,1.999,1.009894,1.257259,80.325
B0055,4,79,19.82,1.999,1.012626,1.257259,80.5424
B0055,4,80,20.0239,1.9991,0.994874,1.257259,79.1304
B0055,4,81,20.1782,1.9992,1.02408,1.257259,81.4534
B0055,4,82,20.332,1.999,1.020889,1.257259,81.1996
B0055,4,83,20.4859,1.999,1.016101,1.257259,80.8187
B0055,4,84,20.6398,1.999,0.998788,1.257259,79.4417
B0055,4,85,20.8436,1.999,1.015887,1.257259,80.8017
B0055,4,86,20.9976,1.999,0.996344,1.257259,79.2473
B0055,4,87,21.1516,1.9992,1.005378,1.257259,79.9658
B0055,4,88,21.3055,1.999,1.009132,1.257259,80.2645
B0055,4,89,21.4591,1.999,0.998458,1.257259,79.4155
B0055,4,90,24.9799,1.999,1.089239,1.257259,86.636
B0055,4,91,25.1855,1.999,1.079394,1.257259,85.8529
B0055,4,92,25.341,1.999,1.032614,1.257259,82.1322
B0055,4,93,25.4965,1.999,1.049857,1.257259,83.5037
B0055,4,94,25.6513,1.999,1.04539,1.257259,83.1484
B0055,4,95,25.8061,1.999,1.000161,1.257259,79.5509
B0055,4,96,26.0106,1.999,1.008409,1.257259,80.207
B0055,4,97,26.1651,1.999,1.003655,1.257259,79.8288
B0055,4,98,26.3198,1.999,1.028527,1.257259,81.8071
B0055,4,99,26.474,1.999,0.981684,1.257259,78.0813
B0055,4,100,26.6284,1.999,1.012712,1.257259,80.5492
B0055,4,101,26.832,1.9992,1.020138,1.257259,81.1398
B0055,4,102,26.986,1.9992,0.990759,1.257259,78.8031
B0056,4,1,0.0,1.9982,0.785278,1.297365,60.5287
B0056,4,2,0.2072,1.9982,1.344356,1.297365,103.622
B0056,4,3,0.3667,1.9982,1.317503,1.297365,101.5522
B0056,4,4,0.526,1.9982,1.297365,1.297365,100.0
B0056,4,5,0.6841,1.9982,1.26396,1.297365,97.4252
B0056,4,6,0.8431,1.9982,1.25895,1.297365,97.0389
B0056,4,7,1.0503,1.9982,1.28062,1.297365,98.7093
B0056,4,8,1.2063,1.9982,1.257279,1.297365,96.9101
B0056,4,9,1.3613,1.9982,1.222626,1.297365,94.2391
B0056,4,10,1.5195,1.9982,1.229277,1.297365,94.7518
B0056,4,11,1.6772,1.9982,1.227578,1.297365,94.6208
B0056,4,12,1.8813,1.9982,1.213387,1.297365,93.527
B0056,4,13,2.039,1.9982,1.230224,1.297365,94.8248
B0056,4,14,2.1961,1.9982,1.192753,1.297365,91.9365
B0056,4,15,2.3534,1.9982,1.186711,1.297365,91.4708
B0056,4,16,2.5105,1.9982,1.191488,1.297365,91.839
B0056,4,17,2.7172,1.9982,1.214179,1.297365,93.588
B0056,4,18,2.8737,1.9982,1.209439,1.297365,93.2227
B0056,4,19,3.0298,1.9982,1.207072,1.297365,93.0403
B0056,4,20,3.1862,1.9982,1.162961,1.297365,89.6402
B0056,4,21,3.3429,1.9982,1.17888,1.297365,90.8672
B0056,4,22,6.1614,1.9982,1.29451,1.297365,99.7799
B0056,4,23,6.3691,1.9982,1.260257,1.297365,97.1397
B0056,4,24,6.527,1.9982,1.240872,1.297365,95.6455
B0056,4,25,6.6845,1.9982,1.252197,1.297365,96.5185
B0056,4,26,6.8413,1.9982,1.227903,1.297365,94.6458
B0056,4,27,6.9983,1.9982,1.191717,1.297365,91.8567
B0056,4,28,7.2048,1.9982,1.185857,1.297365,91.405
B0056,4,29,7.3615,1.9982,1.184094,1.297365,91.2691
B0056,4,30,7.5179,1.9982,1.205983,1.297365,92.9563
B0056,4,31,7.6739,1.9982,1.165428,1.297365,89.8304
B0056,4,32,7.8301,1.9982,1.179006,1.297365,90.8769
B0056,4,33,8.036,1.9982,1.201311,1.297365,92.5962
B0056,4,34,8.1917,1.9982,1.165598,1.297365,89.8434
B0056,4,35,8.3477,1.9982,1.180303,1.297365,90.9769
B0056,4,36,8.5034,1.9982,1.165813,1.297365,89.8601
B0056,4,37,8.6593,1.9982,1.176396,1.297365,90.6758
B0056,4,38,8.8643,1.9982,1.145833,1.297365,88.32
B0056,4,39,9.02,1.9982,1.167558,1.297365,89.9945
B0056,4,40,9.1758,1.9982,1.145637,1.297365,88.3049
B0056,4,41,9.3312,1.9982,1.144367,1.297365,88.207
B0056,4,42,9.4867,1.9982,1.160518,1.297365,89.4519
B0056,4,43,10.997,1.9982,1.227201,1.297365,94.5918
B0056,4,44,11.2032,1.9982,1.24548,1.297365,96.0007
B0056,4,45,11.3595,1.9982,1.172229,1.297365,90.3546
B0056,4,46,11.5156,1.9982,1.195351,1.297365,92.1368
B0056,4,47,11.6715,1.9982,1.191951,1.297365,91.8748
B0056,4,48,14.1301,1.9982,1.229622,1.297365,94.7784
B0056,4,49,14.3339,1.9982,1.277452,1.297365,98.4651
B0056,4,50,14.4905,1.9982,1.243388,1.297365,95.8395
B0056,4,51,14.6465,1.9982,1.230803,1.297365,94.8694
B0056,4,52,14.8022,1.9982,1.216236,1.297365,93.7466
B0056,4,53,14.9577,1.9982,1.208834,1.297365,93.176
B0056,4,54,15.163,1.9982,1.194618,1.297365,92.0803
B0056,4,55,15.3187,1.9982,1.173425,1.297365,90.4467
B0056,4,56,15.4743,1.9982,1.14046,1.297365,87.9058
B0056,4,57,15.6297,1.9982,1.182172,1.297365,91.1209
B0056,4,58,15.7848,1.9982,1.148066,1.297365,88.4921
B0056,4,59,15.9898,1.9982,1.182538,1.297365,91.1492
B0056,4,60,16.1446,1.9982,1.155209,1.297365,89.0427
B0056,4,61,16.2998,1.9982,1.121682,1.297365,86.4584
B0056,4,62,16.4547,1.9982,1.162666,1.297365,89.6175
B0056,4,63,16.6095,1.9982,1.124696,1.297365,86.6907
B0056,4,64,16.8142,1.9982,1.166418,1.297365,89.9066
B0056,4,65,16.9688,1.9982,1.134675,1.297365,87.4599
B0056,4,66,17.1236,1.9982,1.101223,1.297365,84.8815
B0056,4,67,17.2784,1.9982,1.156073,1.297365,89.1093
B0056,4,68,17.4326,1.9982,1.138561,1.297365,87.7595
B0056,4,69,18.1741,1.9982,1.175727,1.297365,90.6242
B0056,4,70,18.379,1.9982,1.196939,1.297365,92.2592
B0056,4,71,18.5343,1.9982,1.126746,1.297365,86.8488
B0056,4,72,18.6892,1.9982,1.160103,1.297365,89.4199
B0056,4,73,18.8439,1.9982,1.136146,1.297365,87.5733
B0056,4,74,18.9982,1.9982,1.139725,1.297365,87.8492
B0056,4,75,19.2026,1.9982,1.156001,1.297365,89.1037
B0056,4,76,19.3571,1.9982,1.126819,1.297365,86.8544
B0056,4,77,19.5116,1.9982,1.116688,1.297365,86.0735
B0056,4,78,19.6658,1.9982,1.133061,1.297365,87.3356
B0056,4,79,19.82,1.9982,1.089384,1.297365,83.9689
B0056,4,80,20.0239,1.9982,1.112084,1.297365,85.7186
B0056,4,81,20.1782,1.9982,1.127995,1.297365,86.945
B0056,4,82,20.332,1.9982,1.138677,1.297365,87.7684
B0056,4,83,20.4859,1.9982,1.127114,1.297365,86.8771
B0056,4,84,20.6398,1.9982,1.110151,1.297365,85.5696
B0056,4,85,20.8436,1.9982,1.134463,1.297365,87.4436
B0056,4,86,20.9976,1.9982,1.108459,1.297365,85.4392
B0056,4,87,21.1516,1.9982,1.076822,1.297365,83.0007
B0056,4,88,21.3055,1.9982,1.128398,1.297365,86.9761
B0056,4,89,21.4591,1.9982,1.106635,1.297365,85.2986
B0056,4,90,24.9799,1.9982,1.271609,1.297365,98.0147
B0056,4,91,25.1855,1.9982,1.241577,1.297365,95.6998
B0056,4,92,25.341,1.9982,1.174653,1.297365,90.5414
B0056,4,93,25.4965,1.9982,1.198939,1.297365,92.4134
B0056,4,94,25.6513,1.9982,1.14614,1.297365,88.3436
B0056,4,95,25.8061,1.9982,1.129224,1.297365,87.0398
B0056,4,96,26.0106,1.9982,1.110343,1.297365,85.5845
B0056,4,97,26.1651,1.9982,1.153909,1.297365,88.9425
B0056,4,98,26.3198,1.9982,1.130219,1.297365,87.1165
B0056,4,99,26.474,1.9982,1.125872,1.297365,86.7814
B0056,4,100,26.6284,1.9982,1.143011,1.297365,88.1025
B0056,4,101,26.832,1.9982,1.137273,1.297365,87.6602
B0056,4,102,26.986,1.9982,1.129059,1.297365,87.0271
